who_region,description,year,introduced_pct
AFRO,HPV (Human Papilloma Virus) vaccine,2006.0,0.0
AFRO,HPV (Human Papilloma Virus) vaccine,2007.0,0.0
AFRO,HPV (Human Papilloma Virus) vaccine,2008.0,0.0
AFRO,HPV (Human Papilloma Virus) vaccine,2009.0,0.0
AFRO,HPV (Human Papilloma Virus) vaccine,2010.0,0.0
AFRO,HPV (Human Papilloma Virus) vaccine,2011.0,2.127659574468085
AFRO,HPV (Human Papilloma Virus) vaccine,2012.0,2.127659574468085
AFRO,HPV (Human Papilloma Virus) vaccine,2013.0,2.127659574468085
AFRO,HPV (Human Papilloma Virus) vaccine,2014.0,6.382978723404255
AFRO,HPV (Human Papilloma Virus) vaccine,2015.0,10.638297872340425
AFRO,HPV (Human Papilloma Virus) vaccine,2016.0,10.638297872340425
AFRO,HPV (Human Papilloma Virus) vaccine,2017.0,12.76595744680851
AFRO,HPV (Human Papilloma Virus) vaccine,2018.0,21.27659574468085
AFRO,HPV (Human Papilloma Virus) vaccine,2019.0,34.04255319148936
AFRO,HPV (Human Papilloma Virus) vaccine,2020.0,36.17021276595745
AFRO,HPV (Human Papilloma Virus) vaccine,2021.0,42.5531914893617
AFRO,HPV (Human Papilloma Virus) vaccine,2022.0,51.06382978723404
AFRO,HPV (Human Papilloma Virus) vaccine,2023.0,51.06382978723404
AFRO,HepB birth dose,1989.0,0.0
AFRO,HepB birth dose,1990.0,0.0
AFRO,HepB birth dose,1991.0,0.0
AFRO,HepB birth dose,1992.0,0.0
AFRO,HepB birth dose,1993.0,0.0
AFRO,HepB birth dose,1994.0,0.0
AFRO,HepB birth dose,1995.0,0.0
AFRO,HepB birth dose,1996.0,0.0
AFRO,HepB birth dose,1997.0,0.0
AFRO,HepB birth dose,1998.0,2.1739130434782608
AFRO,HepB birth dose,1999.0,4.3478260869565215
AFRO,HepB birth dose,2000.0,4.3478260869565215
AFRO,HepB birth dose,2001.0,6.521739130434782
AFRO,HepB birth dose,2002.0,8.695652173913043
AFRO,HepB birth dose,2003.0,8.695652173913043
AFRO,HepB birth dose,2004.0,10.869565217391305
AFRO,HepB birth dose,2005.0,10.869565217391305
AFRO,HepB birth dose,2006.0,10.869565217391305
AFRO,HepB birth dose,2007.0,10.869565217391305
AFRO,HepB birth dose,2008.0,10.869565217391305
AFRO,HepB birth dose,2009.0,10.869565217391305
AFRO,HepB birth dose,2010.0,13.043478260869565
AFRO,HepB birth dose,2011.0,12.76595744680851
AFRO,HepB birth dose,2012.0,12.76595744680851
AFRO,HepB birth dose,2013.0,14.893617021276595
AFRO,HepB birth dose,2014.0,14.893617021276595
AFRO,HepB birth dose,2015.0,17.02127659574468
AFRO,HepB birth dose,2016.0,19.148936170212767
AFRO,HepB birth dose,2017.0,19.148936170212767
AFRO,HepB birth dose,2018.0,23.404255319148938
AFRO,HepB birth dose,2019.0,25.53191489361702
AFRO,HepB birth dose,2020.0,27.659574468085108
AFRO,HepB birth dose,2021.0,27.659574468085108
AFRO,HepB birth dose,2022.0,31.914893617021278
AFRO,HepB birth dose,2023.0,34.04255319148936
AFRO,Hepatitis A vaccine,2002.0,0.0
AFRO,Hepatitis A vaccine,2003.0,0.0
AFRO,Hepatitis A vaccine,2004.0,0.0
AFRO,Hepatitis A vaccine,2005.0,0.0
AFRO,Hepatitis A vaccine,2006.0,0.0
AFRO,Hepatitis A vaccine,2007.0,0.0
AFRO,Hepatitis A vaccine,2008.0,0.0
AFRO,Hepatitis A vaccine,2009.0,0.0
AFRO,Hepatitis A vaccine,2010.0,0.0
AFRO,Hepatitis A vaccine,2011.0,0.0
AFRO,Hepatitis A vaccine,2012.0,0.0
AFRO,Hepatitis A vaccine,2013.0,0.0
AFRO,Hepatitis A vaccine,2014.0,0.0
AFRO,Hepatitis A vaccine,2015.0,0.0
AFRO,Hepatitis A vaccine,2016.0,0.0
AFRO,Hepatitis A vaccine,2017.0,0.0
AFRO,Hepatitis A vaccine,2018.0,0.0
AFRO,Hepatitis A vaccine,2019.0,0.0
AFRO,Hepatitis A vaccine,2020.0,0.0
AFRO,Hepatitis A vaccine,2021.0,0.0
AFRO,Hepatitis A vaccine,2022.0,0.0
AFRO,Hepatitis A vaccine,2023.0,0.0
AFRO,Hepatitis B vaccine,1982.0,0.0
AFRO,Hepatitis B vaccine,1983.0,0.0
AFRO,Hepatitis B vaccine,1984.0,0.0
AFRO,Hepatitis B vaccine,1985.0,0.0
AFRO,Hepatitis B vaccine,1986.0,0.0
AFRO,Hepatitis B vaccine,1987.0,0.0
AFRO,Hepatitis B vaccine,1988.0,0.0
AFRO,Hepatitis B vaccine,1989.0,0.0
AFRO,Hepatitis B vaccine,1990.0,0.0
AFRO,Hepatitis B vaccine,1991.0,0.0
AFRO,Hepatitis B vaccine,1992.0,0.0
AFRO,Hepatitis B vaccine,1993.0,0.0
AFRO,Hepatitis B vaccine,1994.0,4.3478260869565215
AFRO,Hepatitis B vaccine,1995.0,10.869565217391305
AFRO,Hepatitis B vaccine,1996.0,15.217391304347828
AFRO,Hepatitis B vaccine,1997.0,15.217391304347828
AFRO,Hepatitis B vaccine,1998.0,15.217391304347828
AFRO,Hepatitis B vaccine,1999.0,15.217391304347828
AFRO,Hepatitis B vaccine,2000.0,15.217391304347828
AFRO,Hepatitis B vaccine,2001.0,21.73913043478261
AFRO,Hepatitis B vaccine,2002.0,43.47826086956522
AFRO,Hepatitis B vaccine,2003.0,52.17391304347826
AFRO,Hepatitis B vaccine,2004.0,60.86956521739131
AFRO,Hepatitis B vaccine,2005.0,67.3913043478261
AFRO,Hepatitis B vaccine,2006.0,73.91304347826086
AFRO,Hepatitis B vaccine,2007.0,82.6086956521739
AFRO,Hepatitis B vaccine,2008.0,95.65217391304348
AFRO,Hepatitis B vaccine,2009.0,97.82608695652173
AFRO,Hepatitis B vaccine,2010.0,97.82608695652173
AFRO,Hepatitis B vaccine,2011.0,95.74468085106383
AFRO,Hepatitis B vaccine,2012.0,95.74468085106383
AFRO,Hepatitis B vaccine,2013.0,97.87234042553192
AFRO,Hepatitis B vaccine,2014.0,100.0
AFRO,Hepatitis B vaccine,2015.0,100.0
AFRO,Hepatitis B vaccine,2016.0,100.0
AFRO,Hepatitis B vaccine,2017.0,100.0
AFRO,Hepatitis B vaccine,2018.0,100.0
AFRO,Hepatitis B vaccine,2019.0,100.0
AFRO,Hepatitis B vaccine,2020.0,100.0
AFRO,Hepatitis B vaccine,2021.0,100.0
AFRO,Hepatitis B vaccine,2022.0,100.0
AFRO,Hepatitis B vaccine,2023.0,100.0
AFRO,Hib (Haemophilus influenzae type B) vaccine,1986.0,0.0
AFRO,Hib (Haemophilus influenzae type B) vaccine,1987.0,0.0
AFRO,Hib (Haemophilus influenzae type B) vaccine,1988.0,0.0
AFRO,Hib (Haemophilus influenzae type B) vaccine,1989.0,0.0
AFRO,Hib (Haemophilus influenzae type B) vaccine,1990.0,0.0
AFRO,Hib (Haemophilus influenzae type B) vaccine,1991.0,0.0
AFRO,Hib (Haemophilus influenzae type B) vaccine,1992.0,0.0
AFRO,Hib (Haemophilus influenzae type B) vaccine,1993.0,0.0
AFRO,Hib (Haemophilus influenzae type B) vaccine,1994.0,0.0
AFRO,Hib (Haemophilus influenzae type B) vaccine,1995.0,0.0
AFRO,Hib (Haemophilus influenzae type B) vaccine,1996.0,0.0
AFRO,Hib (Haemophilus influenzae type B) vaccine,1997.0,2.1739130434782608
AFRO,Hib (Haemophilus influenzae type B) vaccine,1998.0,2.1739130434782608
AFRO,Hib (Haemophilus influenzae type B) vaccine,1999.0,4.3478260869565215
AFRO,Hib (Haemophilus influenzae type B) vaccine,2000.0,4.3478260869565215
AFRO,Hib (Haemophilus influenzae type B) vaccine,2001.0,6.521739130434782
AFRO,Hib (Haemophilus influenzae type B) vaccine,2002.0,15.217391304347828
AFRO,Hib (Haemophilus influenzae type B) vaccine,2003.0,15.217391304347828
AFRO,Hib (Haemophilus influenzae type B) vaccine,2004.0,19.565217391304348
AFRO,Hib (Haemophilus influenzae type B) vaccine,2005.0,23.91304347826087
AFRO,Hib (Haemophilus influenzae type B) vaccine,2006.0,30.434782608695656
AFRO,Hib (Haemophilus influenzae type B) vaccine,2007.0,36.95652173913043
AFRO,Hib (Haemophilus influenzae type B) vaccine,2008.0,63.04347826086957
AFRO,Hib (Haemophilus influenzae type B) vaccine,2009.0,86.95652173913044
AFRO,Hib (Haemophilus influenzae type B) vaccine,2010.0,93.47826086956522
AFRO,Hib (Haemophilus influenzae type B) vaccine,2011.0,93.61702127659575
AFRO,Hib (Haemophilus influenzae type B) vaccine,2012.0,93.61702127659575
AFRO,Hib (Haemophilus influenzae type B) vaccine,2013.0,97.87234042553192
AFRO,Hib (Haemophilus influenzae type B) vaccine,2014.0,100.0
AFRO,Hib (Haemophilus influenzae type B) vaccine,2015.0,100.0
AFRO,Hib (Haemophilus influenzae type B) vaccine,2016.0,100.0
AFRO,Hib (Haemophilus influenzae type B) vaccine,2017.0,100.0
AFRO,Hib (Haemophilus influenzae type B) vaccine,2018.0,100.0
AFRO,Hib (Haemophilus influenzae type B) vaccine,2019.0,100.0
AFRO,Hib (Haemophilus influenzae type B) vaccine,2020.0,100.0
AFRO,Hib (Haemophilus influenzae type B) vaccine,2021.0,100.0
AFRO,Hib (Haemophilus influenzae type B) vaccine,2022.0,100.0
AFRO,Hib (Haemophilus influenzae type B) vaccine,2023.0,100.0
AFRO,IPV (Inactivated polio vaccine),1955.0,0.0
AFRO,IPV (Inactivated polio vaccine),1956.0,0.0
AFRO,IPV (Inactivated polio vaccine),1957.0,0.0
AFRO,IPV (Inactivated polio vaccine),1958.0,0.0
AFRO,IPV (Inactivated polio vaccine),1959.0,0.0
AFRO,IPV (Inactivated polio vaccine),1960.0,0.0
AFRO,IPV (Inactivated polio vaccine),1961.0,0.0
AFRO,IPV (Inactivated polio vaccine),1962.0,0.0
AFRO,IPV (Inactivated polio vaccine),1963.0,0.0
AFRO,IPV (Inactivated polio vaccine),1964.0,0.0
AFRO,IPV (Inactivated polio vaccine),1965.0,0.0
AFRO,IPV (Inactivated polio vaccine),1966.0,0.0
AFRO,IPV (Inactivated polio vaccine),1967.0,0.0
AFRO,IPV (Inactivated polio vaccine),1968.0,0.0
AFRO,IPV (Inactivated polio vaccine),1969.0,0.0
AFRO,IPV (Inactivated polio vaccine),1970.0,0.0
AFRO,IPV (Inactivated polio vaccine),1971.0,0.0
AFRO,IPV (Inactivated polio vaccine),1972.0,0.0
AFRO,IPV (Inactivated polio vaccine),1973.0,0.0
AFRO,IPV (Inactivated polio vaccine),1974.0,0.0
AFRO,IPV (Inactivated polio vaccine),1975.0,0.0
AFRO,IPV (Inactivated polio vaccine),1976.0,0.0
AFRO,IPV (Inactivated polio vaccine),1977.0,0.0
AFRO,IPV (Inactivated polio vaccine),1978.0,0.0
AFRO,IPV (Inactivated polio vaccine),1979.0,0.0
AFRO,IPV (Inactivated polio vaccine),1980.0,0.0
AFRO,IPV (Inactivated polio vaccine),1981.0,0.0
AFRO,IPV (Inactivated polio vaccine),1982.0,0.0
AFRO,IPV (Inactivated polio vaccine),1983.0,0.0
AFRO,IPV (Inactivated polio vaccine),1984.0,0.0
AFRO,IPV (Inactivated polio vaccine),1985.0,0.0
AFRO,IPV (Inactivated polio vaccine),1986.0,0.0
AFRO,IPV (Inactivated polio vaccine),1987.0,0.0
AFRO,IPV (Inactivated polio vaccine),1988.0,0.0
AFRO,IPV (Inactivated polio vaccine),1989.0,0.0
AFRO,IPV (Inactivated polio vaccine),1990.0,0.0
AFRO,IPV (Inactivated polio vaccine),1991.0,0.0
AFRO,IPV (Inactivated polio vaccine),1992.0,0.0
AFRO,IPV (Inactivated polio vaccine),1993.0,0.0
AFRO,IPV (Inactivated polio vaccine),1994.0,0.0
AFRO,IPV (Inactivated polio vaccine),1995.0,0.0
AFRO,IPV (Inactivated polio vaccine),1996.0,0.0
AFRO,IPV (Inactivated polio vaccine),1997.0,0.0
AFRO,IPV (Inactivated polio vaccine),1998.0,0.0
AFRO,IPV (Inactivated polio vaccine),1999.0,0.0
AFRO,IPV (Inactivated polio vaccine),2000.0,0.0
AFRO,IPV (Inactivated polio vaccine),2001.0,0.0
AFRO,IPV (Inactivated polio vaccine),2002.0,0.0
AFRO,IPV (Inactivated polio vaccine),2003.0,0.0
AFRO,IPV (Inactivated polio vaccine),2004.0,0.0
AFRO,IPV (Inactivated polio vaccine),2005.0,0.0
AFRO,IPV (Inactivated polio vaccine),2006.0,0.0
AFRO,IPV (Inactivated polio vaccine),2007.0,0.0
AFRO,IPV (Inactivated polio vaccine),2008.0,0.0
AFRO,IPV (Inactivated polio vaccine),2009.0,2.1739130434782608
AFRO,IPV (Inactivated polio vaccine),2010.0,2.1739130434782608
AFRO,IPV (Inactivated polio vaccine),2011.0,2.127659574468085
AFRO,IPV (Inactivated polio vaccine),2012.0,2.127659574468085
AFRO,IPV (Inactivated polio vaccine),2013.0,2.127659574468085
AFRO,IPV (Inactivated polio vaccine),2014.0,2.127659574468085
AFRO,IPV (Inactivated polio vaccine),2015.0,55.319148936170215
AFRO,IPV (Inactivated polio vaccine),2016.0,72.3404255319149
AFRO,IPV (Inactivated polio vaccine),2017.0,78.72340425531915
AFRO,IPV (Inactivated polio vaccine),2018.0,97.87234042553192
AFRO,IPV (Inactivated polio vaccine),2019.0,100.0
AFRO,IPV (Inactivated polio vaccine),2020.0,100.0
AFRO,IPV (Inactivated polio vaccine),2021.0,100.0
AFRO,IPV (Inactivated polio vaccine),2022.0,100.0
AFRO,IPV (Inactivated polio vaccine),2023.0,100.0
AFRO,IPV (Inactivated polio vaccine) 2nd dose,1995.0,0.0
AFRO,IPV (Inactivated polio vaccine) 2nd dose,2002.0,0.0
AFRO,IPV (Inactivated polio vaccine) 2nd dose,2003.0,0.0
AFRO,IPV (Inactivated polio vaccine) 2nd dose,2004.0,0.0
AFRO,IPV (Inactivated polio vaccine) 2nd dose,2005.0,0.0
AFRO,IPV (Inactivated polio vaccine) 2nd dose,2006.0,0.0
AFRO,IPV (Inactivated polio vaccine) 2nd dose,2007.0,0.0
AFRO,IPV (Inactivated polio vaccine) 2nd dose,2008.0,0.0
AFRO,IPV (Inactivated polio vaccine) 2nd dose,2009.0,2.1739130434782608
AFRO,IPV (Inactivated polio vaccine) 2nd dose,2010.0,2.1739130434782608
AFRO,IPV (Inactivated polio vaccine) 2nd dose,2011.0,2.127659574468085
AFRO,IPV (Inactivated polio vaccine) 2nd dose,2012.0,2.127659574468085
AFRO,IPV (Inactivated polio vaccine) 2nd dose,2013.0,2.127659574468085
AFRO,IPV (Inactivated polio vaccine) 2nd dose,2014.0,2.127659574468085
AFRO,IPV (Inactivated polio vaccine) 2nd dose,2015.0,2.127659574468085
AFRO,IPV (Inactivated polio vaccine) 2nd dose,2016.0,2.127659574468085
AFRO,IPV (Inactivated polio vaccine) 2nd dose,2017.0,4.25531914893617
AFRO,IPV (Inactivated polio vaccine) 2nd dose,2018.0,4.25531914893617
AFRO,IPV (Inactivated polio vaccine) 2nd dose,2019.0,4.25531914893617
AFRO,IPV (Inactivated polio vaccine) 2nd dose,2020.0,4.25531914893617
AFRO,IPV (Inactivated polio vaccine) 2nd dose,2021.0,21.27659574468085
AFRO,IPV (Inactivated polio vaccine) 2nd dose,2022.0,38.297872340425535
AFRO,IPV (Inactivated polio vaccine) 2nd dose,2023.0,55.319148936170215
AFRO,Japanese Encephalitis,2001.0,0.0
AFRO,Japanese Encephalitis,2002.0,0.0
AFRO,Japanese Encephalitis,2003.0,0.0
AFRO,Japanese Encephalitis,2004.0,0.0
AFRO,Japanese Encephalitis,2005.0,0.0
AFRO,Japanese Encephalitis,2006.0,0.0
AFRO,Japanese Encephalitis,2007.0,0.0
AFRO,Japanese Encephalitis,2008.0,0.0
AFRO,Japanese Encephalitis,2009.0,0.0
AFRO,Japanese Encephalitis,2010.0,0.0
AFRO,Japanese Encephalitis,2011.0,0.0
AFRO,Japanese Encephalitis,2012.0,0.0
AFRO,Japanese Encephalitis,2013.0,0.0
AFRO,Japanese Encephalitis,2014.0,0.0
AFRO,Japanese Encephalitis,2015.0,0.0
AFRO,Japanese Encephalitis,2016.0,0.0
AFRO,Japanese Encephalitis,2017.0,0.0
AFRO,Japanese Encephalitis,2018.0,0.0
AFRO,Japanese Encephalitis,2019.0,0.0
AFRO,Japanese Encephalitis,2020.0,0.0
AFRO,Japanese Encephalitis,2021.0,0.0
AFRO,Japanese Encephalitis,2022.0,0.0
AFRO,Japanese Encephalitis,2023.0,0.0
AFRO,Malaria vaccine,2019.0,0.0
AFRO,Malaria vaccine,2020.0,0.0
AFRO,Malaria vaccine,2021.0,0.0
AFRO,Malaria vaccine,2022.0,0.0
AFRO,Malaria vaccine,2023.0,0.0
AFRO,Measles-containing vaccine 2nd dose,1963.0,0.0
AFRO,Measles-containing vaccine 2nd dose,1964.0,0.0
AFRO,Measles-containing vaccine 2nd dose,1965.0,0.0
AFRO,Measles-containing vaccine 2nd dose,1966.0,0.0
AFRO,Measles-containing vaccine 2nd dose,1967.0,0.0
AFRO,Measles-containing vaccine 2nd dose,1968.0,0.0
AFRO,Measles-containing vaccine 2nd dose,1969.0,0.0
AFRO,Measles-containing vaccine 2nd dose,1970.0,0.0
AFRO,Measles-containing vaccine 2nd dose,1971.0,0.0
AFRO,Measles-containing vaccine 2nd dose,1972.0,0.0
AFRO,Measles-containing vaccine 2nd dose,1973.0,0.0
AFRO,Measles-containing vaccine 2nd dose,1974.0,0.0
AFRO,Measles-containing vaccine 2nd dose,1975.0,0.0
AFRO,Measles-containing vaccine 2nd dose,1976.0,0.0
AFRO,Measles-containing vaccine 2nd dose,1977.0,0.0
AFRO,Measles-containing vaccine 2nd dose,1978.0,0.0
AFRO,Measles-containing vaccine 2nd dose,1979.0,0.0
AFRO,Measles-containing vaccine 2nd dose,1980.0,0.0
AFRO,Measles-containing vaccine 2nd dose,1981.0,2.272727272727273
AFRO,Measles-containing vaccine 2nd dose,1982.0,2.272727272727273
AFRO,Measles-containing vaccine 2nd dose,1983.0,2.272727272727273
AFRO,Measles-containing vaccine 2nd dose,1984.0,2.272727272727273
AFRO,Measles-containing vaccine 2nd dose,1985.0,2.272727272727273
AFRO,Measles-containing vaccine 2nd dose,1986.0,2.272727272727273
AFRO,Measles-containing vaccine 2nd dose,1987.0,2.272727272727273
AFRO,Measles-containing vaccine 2nd dose,1988.0,2.272727272727273
AFRO,Measles-containing vaccine 2nd dose,1989.0,4.545454545454546
AFRO,Measles-containing vaccine 2nd dose,1990.0,4.545454545454546
AFRO,Measles-containing vaccine 2nd dose,1991.0,4.444444444444445
AFRO,Measles-containing vaccine 2nd dose,1992.0,4.444444444444445
AFRO,Measles-containing vaccine 2nd dose,1993.0,4.3478260869565215
AFRO,Measles-containing vaccine 2nd dose,1994.0,6.521739130434782
AFRO,Measles-containing vaccine 2nd dose,1995.0,8.695652173913043
AFRO,Measles-containing vaccine 2nd dose,1996.0,8.695652173913043
AFRO,Measles-containing vaccine 2nd dose,1997.0,10.869565217391305
AFRO,Measles-containing vaccine 2nd dose,1998.0,10.869565217391305
AFRO,Measles-containing vaccine 2nd dose,1999.0,10.869565217391305
AFRO,Measles-containing vaccine 2nd dose,2000.0,10.869565217391305
AFRO,Measles-containing vaccine 2nd dose,2001.0,10.869565217391305
AFRO,Measles-containing vaccine 2nd dose,2002.0,10.869565217391305
AFRO,Measles-containing vaccine 2nd dose,2003.0,13.043478260869565
AFRO,Measles-containing vaccine 2nd dose,2004.0,13.043478260869565
AFRO,Measles-containing vaccine 2nd dose,2005.0,13.043478260869565
AFRO,Measles-containing vaccine 2nd dose,2006.0,13.043478260869565
AFRO,Measles-containing vaccine 2nd dose,2007.0,13.043478260869565
AFRO,Measles-containing vaccine 2nd dose,2008.0,13.043478260869565
AFRO,Measles-containing vaccine 2nd dose,2009.0,13.043478260869565
AFRO,Measles-containing vaccine 2nd dose,2010.0,15.217391304347828
AFRO,Measles-containing vaccine 2nd dose,2011.0,17.02127659574468
AFRO,Measles-containing vaccine 2nd dose,2012.0,23.404255319148938
AFRO,Measles-containing vaccine 2nd dose,2013.0,31.914893617021278
AFRO,Measles-containing vaccine 2nd dose,2014.0,42.5531914893617
AFRO,Measles-containing vaccine 2nd dose,2015.0,53.191489361702125
AFRO,Measles-containing vaccine 2nd dose,2016.0,53.191489361702125
AFRO,Measles-containing vaccine 2nd dose,2017.0,55.319148936170215
AFRO,Measles-containing vaccine 2nd dose,2018.0,55.319148936170215
AFRO,Measles-containing vaccine 2nd dose,2019.0,68.08510638297872
AFRO,Measles-containing vaccine 2nd dose,2020.0,72.3404255319149
AFRO,Measles-containing vaccine 2nd dose,2021.0,78.72340425531915
AFRO,Measles-containing vaccine 2nd dose,2022.0,89.36170212765957
AFRO,Measles-containing vaccine 2nd dose,2023.0,91.48936170212765
AFRO,Meningococcal meningitis vaccines (all strains),1999.0,0.0
AFRO,Meningococcal meningitis vaccines (all strains),2000.0,0.0
AFRO,Meningococcal meningitis vaccines (all strains),2001.0,0.0
AFRO,Meningococcal meningitis vaccines (all strains),2002.0,0.0
AFRO,Meningococcal meningitis vaccines (all strains),2003.0,0.0
AFRO,Meningococcal meningitis vaccines (all strains),2004.0,0.0
AFRO,Meningococcal meningitis vaccines (all strains),2005.0,0.0
AFRO,Meningococcal meningitis vaccines (all strains),2006.0,0.0
AFRO,Meningococcal meningitis vaccines (all strains),2007.0,0.0
AFRO,Meningococcal meningitis vaccines (all strains),2008.0,0.0
AFRO,Meningococcal meningitis vaccines (all strains),2009.0,0.0
AFRO,Meningococcal meningitis vaccines (all strains),2010.0,0.0
AFRO,Meningococcal meningitis vaccines (all strains),2011.0,0.0
AFRO,Meningococcal meningitis vaccines (all strains),2012.0,0.0
AFRO,Meningococcal meningitis vaccines (all strains),2013.0,0.0
AFRO,Meningococcal meningitis vaccines (all strains),2014.0,0.0
AFRO,Meningococcal meningitis vaccines (all strains),2015.0,0.0
AFRO,Meningococcal meningitis vaccines (all strains),2016.0,2.127659574468085
AFRO,Meningococcal meningitis vaccines (all strains),2017.0,12.76595744680851
AFRO,Meningococcal meningitis vaccines (all strains),2018.0,17.02127659574468
AFRO,Meningococcal meningitis vaccines (all strains),2019.0,21.27659574468085
AFRO,Meningococcal meningitis vaccines (all strains),2020.0,21.27659574468085
AFRO,Meningococcal meningitis vaccines (all strains),2021.0,23.404255319148938
AFRO,Meningococcal meningitis vaccines (all strains),2022.0,27.659574468085108
AFRO,Meningococcal meningitis vaccines (all strains),2023.0,29.78723404255319
AFRO,Mumps vaccine,1969.0,0.0
AFRO,Mumps vaccine,1970.0,0.0
AFRO,Mumps vaccine,1971.0,0.0
AFRO,Mumps vaccine,1972.0,0.0
AFRO,Mumps vaccine,1973.0,0.0
AFRO,Mumps vaccine,1974.0,0.0
AFRO,Mumps vaccine,1975.0,0.0
AFRO,Mumps vaccine,1976.0,0.0
AFRO,Mumps vaccine,1977.0,0.0
AFRO,Mumps vaccine,1978.0,0.0
AFRO,Mumps vaccine,1979.0,0.0
AFRO,Mumps vaccine,1980.0,0.0
AFRO,Mumps vaccine,1981.0,0.0
AFRO,Mumps vaccine,1982.0,0.0
AFRO,Mumps vaccine,1983.0,0.0
AFRO,Mumps vaccine,1984.0,0.0
AFRO,Mumps vaccine,1985.0,0.0
AFRO,Mumps vaccine,1986.0,0.0
AFRO,Mumps vaccine,1987.0,0.0
AFRO,Mumps vaccine,1988.0,0.0
AFRO,Mumps vaccine,1989.0,0.0
AFRO,Mumps vaccine,1990.0,0.0
AFRO,Mumps vaccine,1991.0,0.0
AFRO,Mumps vaccine,1992.0,0.0
AFRO,Mumps vaccine,1993.0,0.0
AFRO,Mumps vaccine,1994.0,0.0
AFRO,Mumps vaccine,1995.0,0.0
AFRO,Mumps vaccine,1996.0,0.0
AFRO,Mumps vaccine,1997.0,0.0
AFRO,Mumps vaccine,1998.0,2.1739130434782608
AFRO,Mumps vaccine,1999.0,2.1739130434782608
AFRO,Mumps vaccine,2000.0,4.3478260869565215
AFRO,Mumps vaccine,2001.0,4.3478260869565215
AFRO,Mumps vaccine,2002.0,4.3478260869565215
AFRO,Mumps vaccine,2003.0,4.3478260869565215
AFRO,Mumps vaccine,2004.0,4.3478260869565215
AFRO,Mumps vaccine,2005.0,4.3478260869565215
AFRO,Mumps vaccine,2006.0,4.3478260869565215
AFRO,Mumps vaccine,2007.0,4.3478260869565215
AFRO,Mumps vaccine,2008.0,4.3478260869565215
AFRO,Mumps vaccine,2009.0,4.3478260869565215
AFRO,Mumps vaccine,2010.0,6.521739130434782
AFRO,Mumps vaccine,2011.0,6.382978723404255
AFRO,Mumps vaccine,2012.0,6.382978723404255
AFRO,Mumps vaccine,2013.0,6.382978723404255
AFRO,Mumps vaccine,2014.0,6.382978723404255
AFRO,Mumps vaccine,2015.0,6.382978723404255
AFRO,Mumps vaccine,2016.0,6.382978723404255
AFRO,Mumps vaccine,2017.0,8.51063829787234
AFRO,Mumps vaccine,2018.0,8.51063829787234
AFRO,Mumps vaccine,2019.0,8.51063829787234
AFRO,Mumps vaccine,2020.0,8.51063829787234
AFRO,Mumps vaccine,2021.0,8.51063829787234
AFRO,Mumps vaccine,2022.0,8.51063829787234
AFRO,Mumps vaccine,2023.0,8.51063829787234
AFRO,PCV (Pneumococcal conjugate vaccine),2000.0,0.0
AFRO,PCV (Pneumococcal conjugate vaccine),2001.0,0.0
AFRO,PCV (Pneumococcal conjugate vaccine),2002.0,0.0
AFRO,PCV (Pneumococcal conjugate vaccine),2003.0,0.0
AFRO,PCV (Pneumococcal conjugate vaccine),2004.0,0.0
AFRO,PCV (Pneumococcal conjugate vaccine),2005.0,0.0
AFRO,PCV (Pneumococcal conjugate vaccine),2006.0,0.0
AFRO,PCV (Pneumococcal conjugate vaccine),2007.0,0.0
AFRO,PCV (Pneumococcal conjugate vaccine),2008.0,0.0
AFRO,PCV (Pneumococcal conjugate vaccine),2009.0,6.521739130434782
AFRO,PCV (Pneumococcal conjugate vaccine),2010.0,6.521739130434782
AFRO,PCV (Pneumococcal conjugate vaccine),2011.0,25.53191489361702
AFRO,PCV (Pneumococcal conjugate vaccine),2012.0,38.297872340425535
AFRO,PCV (Pneumococcal conjugate vaccine),2013.0,55.319148936170215
AFRO,PCV (Pneumococcal conjugate vaccine),2014.0,70.2127659574468
AFRO,PCV (Pneumococcal conjugate vaccine),2015.0,76.59574468085107
AFRO,PCV (Pneumococcal conjugate vaccine),2016.0,80.85106382978722
AFRO,PCV (Pneumococcal conjugate vaccine),2017.0,82.97872340425532
AFRO,PCV (Pneumococcal conjugate vaccine),2018.0,85.1063829787234
AFRO,PCV (Pneumococcal conjugate vaccine),2019.0,85.1063829787234
AFRO,PCV (Pneumococcal conjugate vaccine),2020.0,85.1063829787234
AFRO,PCV (Pneumococcal conjugate vaccine),2021.0,85.1063829787234
AFRO,PCV (Pneumococcal conjugate vaccine),2022.0,85.1063829787234
AFRO,PCV (Pneumococcal conjugate vaccine),2023.0,85.1063829787234
AFRO,PPV (Pneumococcal polysaccharide vaccine),1999.0,0.0
AFRO,PPV (Pneumococcal polysaccharide vaccine),2000.0,0.0
AFRO,PPV (Pneumococcal polysaccharide vaccine),2001.0,0.0
AFRO,PPV (Pneumococcal polysaccharide vaccine),2002.0,0.0
AFRO,PPV (Pneumococcal polysaccharide vaccine),2003.0,0.0
AFRO,PPV (Pneumococcal polysaccharide vaccine),2004.0,0.0
AFRO,PPV (Pneumococcal polysaccharide vaccine),2005.0,0.0
AFRO,PPV (Pneumococcal polysaccharide vaccine),2006.0,0.0
AFRO,PPV (Pneumococcal polysaccharide vaccine),2007.0,0.0
AFRO,PPV (Pneumococcal polysaccharide vaccine),2008.0,0.0
AFRO,PPV (Pneumococcal polysaccharide vaccine),2009.0,0.0
AFRO,PPV (Pneumococcal polysaccharide vaccine),2010.0,0.0
AFRO,PPV (Pneumococcal polysaccharide vaccine),2011.0,0.0
AFRO,PPV (Pneumococcal polysaccharide vaccine),2012.0,0.0
AFRO,PPV (Pneumococcal polysaccharide vaccine),2013.0,0.0
AFRO,PPV (Pneumococcal polysaccharide vaccine),2014.0,0.0
AFRO,PPV (Pneumococcal polysaccharide vaccine),2015.0,0.0
AFRO,PPV (Pneumococcal polysaccharide vaccine),2016.0,0.0
AFRO,PPV (Pneumococcal polysaccharide vaccine),2017.0,0.0
AFRO,PPV (Pneumococcal polysaccharide vaccine),2018.0,0.0
AFRO,PPV (Pneumococcal polysaccharide vaccine),2019.0,0.0
AFRO,PPV (Pneumococcal polysaccharide vaccine),2020.0,0.0
AFRO,PPV (Pneumococcal polysaccharide vaccine),2021.0,0.0
AFRO,PPV (Pneumococcal polysaccharide vaccine),2022.0,0.0
AFRO,PPV (Pneumococcal polysaccharide vaccine),2023.0,0.0
AFRO,Rotavirus vaccine,2006.0,0.0
AFRO,Rotavirus vaccine,2007.0,0.0
AFRO,Rotavirus vaccine,2008.0,0.0
AFRO,Rotavirus vaccine,2009.0,2.1739130434782608
AFRO,Rotavirus vaccine,2010.0,2.1739130434782608
AFRO,Rotavirus vaccine,2011.0,2.127659574468085
AFRO,Rotavirus vaccine,2012.0,12.76595744680851
AFRO,Rotavirus vaccine,2013.0,23.404255319148938
AFRO,Rotavirus vaccine,2014.0,53.191489361702125
AFRO,Rotavirus vaccine,2015.0,61.702127659574465
AFRO,Rotavirus vaccine,2016.0,65.95744680851064
AFRO,Rotavirus vaccine,2017.0,72.3404255319149
AFRO,Rotavirus vaccine,2018.0,74.46808510638297
AFRO,Rotavirus vaccine,2019.0,78.72340425531915
AFRO,Rotavirus vaccine,2020.0,78.72340425531915
AFRO,Rotavirus vaccine,2021.0,78.72340425531915
AFRO,Rotavirus vaccine,2022.0,80.85106382978722
AFRO,Rotavirus vaccine,2023.0,80.85106382978722
AFRO,Rubella vaccine,1969.0,0.0
AFRO,Rubella vaccine,1970.0,0.0
AFRO,Rubella vaccine,1971.0,0.0
AFRO,Rubella vaccine,1972.0,0.0
AFRO,Rubella vaccine,1973.0,0.0
AFRO,Rubella vaccine,1974.0,0.0
AFRO,Rubella vaccine,1975.0,0.0
AFRO,Rubella vaccine,1976.0,0.0
AFRO,Rubella vaccine,1977.0,0.0
AFRO,Rubella vaccine,1978.0,0.0
AFRO,Rubella vaccine,1979.0,0.0
AFRO,Rubella vaccine,1980.0,2.272727272727273
AFRO,Rubella vaccine,1981.0,2.272727272727273
AFRO,Rubella vaccine,1982.0,2.272727272727273
AFRO,Rubella vaccine,1983.0,2.272727272727273
AFRO,Rubella vaccine,1984.0,2.272727272727273
AFRO,Rubella vaccine,1985.0,2.272727272727273
AFRO,Rubella vaccine,1986.0,2.272727272727273
AFRO,Rubella vaccine,1987.0,2.272727272727273
AFRO,Rubella vaccine,1988.0,2.272727272727273
AFRO,Rubella vaccine,1989.0,2.272727272727273
AFRO,Rubella vaccine,1990.0,2.272727272727273
AFRO,Rubella vaccine,1991.0,2.2222222222222223
AFRO,Rubella vaccine,1992.0,2.2222222222222223
AFRO,Rubella vaccine,1993.0,2.1739130434782608
AFRO,Rubella vaccine,1994.0,2.1739130434782608
AFRO,Rubella vaccine,1995.0,2.1739130434782608
AFRO,Rubella vaccine,1996.0,4.3478260869565215
AFRO,Rubella vaccine,1997.0,4.3478260869565215
AFRO,Rubella vaccine,1998.0,4.3478260869565215
AFRO,Rubella vaccine,1999.0,4.3478260869565215
AFRO,Rubella vaccine,2000.0,4.3478260869565215
AFRO,Rubella vaccine,2001.0,4.3478260869565215
AFRO,Rubella vaccine,2002.0,4.3478260869565215
AFRO,Rubella vaccine,2003.0,4.3478260869565215
AFRO,Rubella vaccine,2004.0,4.3478260869565215
AFRO,Rubella vaccine,2005.0,4.3478260869565215
AFRO,Rubella vaccine,2006.0,4.3478260869565215
AFRO,Rubella vaccine,2007.0,4.3478260869565215
AFRO,Rubella vaccine,2008.0,4.3478260869565215
AFRO,Rubella vaccine,2009.0,4.3478260869565215
AFRO,Rubella vaccine,2010.0,6.521739130434782
AFRO,Rubella vaccine,2011.0,6.382978723404255
AFRO,Rubella vaccine,2012.0,6.382978723404255
AFRO,Rubella vaccine,2013.0,10.638297872340425
AFRO,Rubella vaccine,2014.0,17.02127659574468
AFRO,Rubella vaccine,2015.0,23.404255319148938
AFRO,Rubella vaccine,2016.0,34.04255319148936
AFRO,Rubella vaccine,2017.0,44.680851063829785
AFRO,Rubella vaccine,2018.0,57.446808510638306
AFRO,Rubella vaccine,2019.0,65.95744680851064
AFRO,Rubella vaccine,2020.0,65.95744680851064
AFRO,Rubella vaccine,2021.0,65.95744680851064
AFRO,Rubella vaccine,2022.0,68.08510638297872
AFRO,Rubella vaccine,2023.0,68.08510638297872
AFRO,Seasonal Influenza vaccine,1940.0,0.0
AFRO,Seasonal Influenza vaccine,1941.0,0.0
AFRO,Seasonal Influenza vaccine,1942.0,0.0
AFRO,Seasonal Influenza vaccine,1943.0,0.0
AFRO,Seasonal Influenza vaccine,1944.0,0.0
AFRO,Seasonal Influenza vaccine,1945.0,0.0
AFRO,Seasonal Influenza vaccine,1946.0,0.0
AFRO,Seasonal Influenza vaccine,1947.0,0.0
AFRO,Seasonal Influenza vaccine,1948.0,0.0
AFRO,Seasonal Influenza vaccine,1949.0,0.0
AFRO,Seasonal Influenza vaccine,1950.0,0.0
AFRO,Seasonal Influenza vaccine,1951.0,0.0
AFRO,Seasonal Influenza vaccine,1952.0,0.0
AFRO,Seasonal Influenza vaccine,1953.0,0.0
AFRO,Seasonal Influenza vaccine,1954.0,0.0
AFRO,Seasonal Influenza vaccine,1955.0,0.0
AFRO,Seasonal Influenza vaccine,1956.0,0.0
AFRO,Seasonal Influenza vaccine,1957.0,0.0
AFRO,Seasonal Influenza vaccine,1958.0,0.0
AFRO,Seasonal Influenza vaccine,1959.0,0.0
AFRO,Seasonal Influenza vaccine,1960.0,0.0
AFRO,Seasonal Influenza vaccine,1961.0,0.0
AFRO,Seasonal Influenza vaccine,1962.0,0.0
AFRO,Seasonal Influenza vaccine,1963.0,0.0
AFRO,Seasonal Influenza vaccine,1964.0,0.0
AFRO,Seasonal Influenza vaccine,1965.0,0.0
AFRO,Seasonal Influenza vaccine,1966.0,0.0
AFRO,Seasonal Influenza vaccine,1967.0,0.0
AFRO,Seasonal Influenza vaccine,1968.0,0.0
AFRO,Seasonal Influenza vaccine,1969.0,0.0
AFRO,Seasonal Influenza vaccine,1970.0,0.0
AFRO,Seasonal Influenza vaccine,1971.0,0.0
AFRO,Seasonal Influenza vaccine,1972.0,0.0
AFRO,Seasonal Influenza vaccine,1973.0,0.0
AFRO,Seasonal Influenza vaccine,1974.0,0.0
AFRO,Seasonal Influenza vaccine,1975.0,0.0
AFRO,Seasonal Influenza vaccine,1976.0,0.0
AFRO,Seasonal Influenza vaccine,1977.0,0.0
AFRO,Seasonal Influenza vaccine,1978.0,0.0
AFRO,Seasonal Influenza vaccine,1979.0,0.0
AFRO,Seasonal Influenza vaccine,1980.0,0.0
AFRO,Seasonal Influenza vaccine,1981.0,0.0
AFRO,Seasonal Influenza vaccine,1982.0,0.0
AFRO,Seasonal Influenza vaccine,1983.0,0.0
AFRO,Seasonal Influenza vaccine,1984.0,0.0
AFRO,Seasonal Influenza vaccine,1985.0,0.0
AFRO,Seasonal Influenza vaccine,1986.0,0.0
AFRO,Seasonal Influenza vaccine,1987.0,0.0
AFRO,Seasonal Influenza vaccine,1988.0,0.0
AFRO,Seasonal Influenza vaccine,1989.0,0.0
AFRO,Seasonal Influenza vaccine,1990.0,0.0
AFRO,Seasonal Influenza vaccine,1991.0,0.0
AFRO,Seasonal Influenza vaccine,1992.0,0.0
AFRO,Seasonal Influenza vaccine,1993.0,0.0
AFRO,Seasonal Influenza vaccine,1994.0,0.0
AFRO,Seasonal Influenza vaccine,1995.0,0.0
AFRO,Seasonal Influenza vaccine,1996.0,0.0
AFRO,Seasonal Influenza vaccine,1997.0,0.0
AFRO,Seasonal Influenza vaccine,1998.0,0.0
AFRO,Seasonal Influenza vaccine,1999.0,0.0
AFRO,Seasonal Influenza vaccine,2000.0,0.0
AFRO,Seasonal Influenza vaccine,2001.0,0.0
AFRO,Seasonal Influenza vaccine,2002.0,0.0
AFRO,Seasonal Influenza vaccine,2003.0,0.0
AFRO,Seasonal Influenza vaccine,2004.0,0.0
AFRO,Seasonal Influenza vaccine,2005.0,0.0
AFRO,Seasonal Influenza vaccine,2006.0,0.0
AFRO,Seasonal Influenza vaccine,2007.0,0.0
AFRO,Seasonal Influenza vaccine,2008.0,2.1739130434782608
AFRO,Seasonal Influenza vaccine,2009.0,6.521739130434782
AFRO,Seasonal Influenza vaccine,2010.0,6.521739130434782
AFRO,Seasonal Influenza vaccine,2011.0,6.382978723404255
AFRO,Seasonal Influenza vaccine,2012.0,6.382978723404255
AFRO,Seasonal Influenza vaccine,2013.0,6.382978723404255
AFRO,Seasonal Influenza vaccine,2014.0,6.382978723404255
AFRO,Seasonal Influenza vaccine,2015.0,6.382978723404255
AFRO,Seasonal Influenza vaccine,2016.0,6.382978723404255
AFRO,Seasonal Influenza vaccine,2017.0,6.382978723404255
AFRO,Seasonal Influenza vaccine,2018.0,8.51063829787234
AFRO,Seasonal Influenza vaccine,2019.0,8.51063829787234
AFRO,Seasonal Influenza vaccine,2020.0,10.638297872340425
AFRO,Seasonal Influenza vaccine,2021.0,10.638297872340425
AFRO,Seasonal Influenza vaccine,2022.0,10.638297872340425
AFRO,Seasonal Influenza vaccine,2023.0,10.638297872340425
AFRO,Typhoid,2002.0,0.0
AFRO,Typhoid,2003.0,0.0
AFRO,Typhoid,2004.0,0.0
AFRO,Typhoid,2005.0,0.0
AFRO,Typhoid,2006.0,0.0
AFRO,Typhoid,2007.0,0.0
AFRO,Typhoid,2008.0,0.0
AFRO,Typhoid,2009.0,0.0
AFRO,Typhoid,2010.0,0.0
AFRO,Typhoid,2011.0,0.0
AFRO,Typhoid,2012.0,0.0
AFRO,Typhoid,2013.0,0.0
AFRO,Typhoid,2014.0,0.0
AFRO,Typhoid,2015.0,0.0
AFRO,Typhoid,2016.0,0.0
AFRO,Typhoid,2017.0,0.0
AFRO,Typhoid,2018.0,0.0
AFRO,Typhoid,2019.0,0.0
AFRO,Typhoid,2020.0,0.0
AFRO,Typhoid,2021.0,0.0
AFRO,Typhoid,2022.0,2.127659574468085
AFRO,Typhoid,2023.0,2.127659574468085
AFRO,Varicella vaccine,2001.0,0.0
AFRO,Varicella vaccine,2002.0,0.0
AFRO,Varicella vaccine,2003.0,0.0
AFRO,Varicella vaccine,2004.0,0.0
AFRO,Varicella vaccine,2005.0,0.0
AFRO,Varicella vaccine,2006.0,0.0
AFRO,Varicella vaccine,2007.0,0.0
AFRO,Varicella vaccine,2008.0,0.0
AFRO,Varicella vaccine,2009.0,0.0
AFRO,Varicella vaccine,2010.0,0.0
AFRO,Varicella vaccine,2011.0,0.0
AFRO,Varicella vaccine,2012.0,0.0
AFRO,Varicella vaccine,2013.0,0.0
AFRO,Varicella vaccine,2014.0,0.0
AFRO,Varicella vaccine,2015.0,0.0
AFRO,Varicella vaccine,2016.0,0.0
AFRO,Varicella vaccine,2017.0,0.0
AFRO,Varicella vaccine,2018.0,0.0
AFRO,Varicella vaccine,2019.0,0.0
AFRO,Varicella vaccine,2020.0,0.0
AFRO,Varicella vaccine,2021.0,0.0
AFRO,Varicella vaccine,2022.0,0.0
AFRO,Varicella vaccine,2023.0,0.0
AFRO,YF (Yellow fever) vaccine,1967.0,0.0
AFRO,YF (Yellow fever) vaccine,1968.0,0.0
AFRO,YF (Yellow fever) vaccine,1969.0,0.0
AFRO,YF (Yellow fever) vaccine,1970.0,0.0
AFRO,YF (Yellow fever) vaccine,1971.0,0.0
AFRO,YF (Yellow fever) vaccine,1972.0,0.0
AFRO,YF (Yellow fever) vaccine,1973.0,0.0
AFRO,YF (Yellow fever) vaccine,1974.0,0.0
AFRO,YF (Yellow fever) vaccine,1975.0,0.0
AFRO,YF (Yellow fever) vaccine,1976.0,0.0
AFRO,YF (Yellow fever) vaccine,1977.0,0.0
AFRO,YF (Yellow fever) vaccine,1978.0,0.0
AFRO,YF (Yellow fever) vaccine,1979.0,4.545454545454546
AFRO,YF (Yellow fever) vaccine,1980.0,4.545454545454546
AFRO,YF (Yellow fever) vaccine,1981.0,4.545454545454546
AFRO,YF (Yellow fever) vaccine,1982.0,4.545454545454546
AFRO,YF (Yellow fever) vaccine,1983.0,4.545454545454546
AFRO,YF (Yellow fever) vaccine,1984.0,4.545454545454546
AFRO,YF (Yellow fever) vaccine,1985.0,9.090909090909092
AFRO,YF (Yellow fever) vaccine,1986.0,9.090909090909092
AFRO,YF (Yellow fever) vaccine,1987.0,11.363636363636363
AFRO,YF (Yellow fever) vaccine,1988.0,11.363636363636363
AFRO,YF (Yellow fever) vaccine,1989.0,11.363636363636363
AFRO,YF (Yellow fever) vaccine,1990.0,11.363636363636363
AFRO,YF (Yellow fever) vaccine,1991.0,11.11111111111111
AFRO,YF (Yellow fever) vaccine,1992.0,13.333333333333334
AFRO,YF (Yellow fever) vaccine,1993.0,13.043478260869565
AFRO,YF (Yellow fever) vaccine,1994.0,13.043478260869565
AFRO,YF (Yellow fever) vaccine,1995.0,15.217391304347828
AFRO,YF (Yellow fever) vaccine,1996.0,17.391304347826086
AFRO,YF (Yellow fever) vaccine,1997.0,17.391304347826086
AFRO,YF (Yellow fever) vaccine,1998.0,17.391304347826086
AFRO,YF (Yellow fever) vaccine,1999.0,19.565217391304348
AFRO,YF (Yellow fever) vaccine,2000.0,19.565217391304348
AFRO,YF (Yellow fever) vaccine,2001.0,21.73913043478261
AFRO,YF (Yellow fever) vaccine,2002.0,28.26086956521739
AFRO,YF (Yellow fever) vaccine,2003.0,34.78260869565217
AFRO,YF (Yellow fever) vaccine,2004.0,45.65217391304348
AFRO,YF (Yellow fever) vaccine,2005.0,47.82608695652174
AFRO,YF (Yellow fever) vaccine,2006.0,47.82608695652174
AFRO,YF (Yellow fever) vaccine,2007.0,47.82608695652174
AFRO,YF (Yellow fever) vaccine,2008.0,50.0
AFRO,YF (Yellow fever) vaccine,2009.0,50.0
AFRO,YF (Yellow fever) vaccine,2010.0,50.0
AFRO,YF (Yellow fever) vaccine,2011.0,48.93617021276596
AFRO,YF (Yellow fever) vaccine,2012.0,48.93617021276596
AFRO,YF (Yellow fever) vaccine,2013.0,48.93617021276596
AFRO,YF (Yellow fever) vaccine,2014.0,48.93617021276596
AFRO,YF (Yellow fever) vaccine,2015.0,48.93617021276596
AFRO,YF (Yellow fever) vaccine,2016.0,48.93617021276596
AFRO,YF (Yellow fever) vaccine,2017.0,51.06382978723404
AFRO,YF (Yellow fever) vaccine,2018.0,53.191489361702125
AFRO,YF (Yellow fever) vaccine,2019.0,53.191489361702125
AFRO,YF (Yellow fever) vaccine,2020.0,53.191489361702125
AFRO,YF (Yellow fever) vaccine,2021.0,53.191489361702125
AFRO,YF (Yellow fever) vaccine,2022.0,55.319148936170215
AFRO,YF (Yellow fever) vaccine,2023.0,55.319148936170215
AFRO,aP (acellular pertussis) vaccine,2001.0,0.0
AFRO,aP (acellular pertussis) vaccine,2002.0,2.1739130434782608
AFRO,aP (acellular pertussis) vaccine,2003.0,2.1739130434782608
AFRO,aP (acellular pertussis) vaccine,2004.0,2.1739130434782608
AFRO,aP (acellular pertussis) vaccine,2005.0,2.1739130434782608
AFRO,aP (acellular pertussis) vaccine,2006.0,2.1739130434782608
AFRO,aP (acellular pertussis) vaccine,2007.0,2.1739130434782608
AFRO,aP (acellular pertussis) vaccine,2008.0,2.1739130434782608
AFRO,aP (acellular pertussis) vaccine,2009.0,2.1739130434782608
AFRO,aP (acellular pertussis) vaccine,2010.0,4.3478260869565215
AFRO,aP (acellular pertussis) vaccine,2011.0,4.25531914893617
AFRO,aP (acellular pertussis) vaccine,2012.0,4.25531914893617
AFRO,aP (acellular pertussis) vaccine,2013.0,4.25531914893617
AFRO,aP (acellular pertussis) vaccine,2014.0,4.25531914893617
AFRO,aP (acellular pertussis) vaccine,2015.0,4.25531914893617
AFRO,aP (acellular pertussis) vaccine,2016.0,4.25531914893617
AFRO,aP (acellular pertussis) vaccine,2017.0,4.25531914893617
AFRO,aP (acellular pertussis) vaccine,2018.0,4.25531914893617
AFRO,aP (acellular pertussis) vaccine,2019.0,4.25531914893617
AFRO,aP (acellular pertussis) vaccine,2020.0,6.382978723404255
AFRO,aP (acellular pertussis) vaccine,2021.0,4.25531914893617
AFRO,aP (acellular pertussis) vaccine,2022.0,4.25531914893617
AFRO,aP (acellular pertussis) vaccine,2023.0,6.382978723404255
AMRO,HPV (Human Papilloma Virus) vaccine,2006.0,2.857142857142857
AMRO,HPV (Human Papilloma Virus) vaccine,2007.0,2.857142857142857
AMRO,HPV (Human Papilloma Virus) vaccine,2008.0,5.714285714285714
AMRO,HPV (Human Papilloma Virus) vaccine,2009.0,8.571428571428571
AMRO,HPV (Human Papilloma Virus) vaccine,2010.0,8.571428571428571
AMRO,HPV (Human Papilloma Virus) vaccine,2011.0,11.428571428571429
AMRO,HPV (Human Papilloma Virus) vaccine,2012.0,20.0
AMRO,HPV (Human Papilloma Virus) vaccine,2013.0,28.57142857142857
AMRO,HPV (Human Papilloma Virus) vaccine,2014.0,40.0
AMRO,HPV (Human Papilloma Virus) vaccine,2015.0,45.714285714285715
AMRO,HPV (Human Papilloma Virus) vaccine,2016.0,51.42857142857142
AMRO,HPV (Human Papilloma Virus) vaccine,2017.0,65.71428571428571
AMRO,HPV (Human Papilloma Virus) vaccine,2018.0,71.42857142857143
AMRO,HPV (Human Papilloma Virus) vaccine,2019.0,85.71428571428571
AMRO,HPV (Human Papilloma Virus) vaccine,2020.0,88.57142857142857
AMRO,HPV (Human Papilloma Virus) vaccine,2021.0,88.57142857142857
AMRO,HPV (Human Papilloma Virus) vaccine,2022.0,88.57142857142857
AMRO,HPV (Human Papilloma Virus) vaccine,2023.0,91.42857142857143
AMRO,HepB birth dose,1989.0,0.0
AMRO,HepB birth dose,1990.0,0.0
AMRO,HepB birth dose,1991.0,0.0
AMRO,HepB birth dose,1992.0,0.0
AMRO,HepB birth dose,1993.0,0.0
AMRO,HepB birth dose,1994.0,0.0
AMRO,HepB birth dose,1995.0,0.0
AMRO,HepB birth dose,1996.0,0.0
AMRO,HepB birth dose,1997.0,2.857142857142857
AMRO,HepB birth dose,1998.0,8.571428571428571
AMRO,HepB birth dose,1999.0,11.428571428571429
AMRO,HepB birth dose,2000.0,20.0
AMRO,HepB birth dose,2001.0,20.0
AMRO,HepB birth dose,2002.0,22.857142857142858
AMRO,HepB birth dose,2003.0,31.428571428571427
AMRO,HepB birth dose,2004.0,31.428571428571427
AMRO,HepB birth dose,2005.0,34.285714285714285
AMRO,HepB birth dose,2006.0,34.285714285714285
AMRO,HepB birth dose,2007.0,34.285714285714285
AMRO,HepB birth dose,2008.0,37.142857142857146
AMRO,HepB birth dose,2009.0,37.142857142857146
AMRO,HepB birth dose,2010.0,40.0
AMRO,HepB birth dose,2011.0,40.0
AMRO,HepB birth dose,2012.0,42.857142857142854
AMRO,HepB birth dose,2013.0,42.857142857142854
AMRO,HepB birth dose,2014.0,42.857142857142854
AMRO,HepB birth dose,2015.0,48.57142857142857
AMRO,HepB birth dose,2016.0,48.57142857142857
AMRO,HepB birth dose,2017.0,60.0
AMRO,HepB birth dose,2018.0,65.71428571428571
AMRO,HepB birth dose,2019.0,71.42857142857143
AMRO,HepB birth dose,2020.0,71.42857142857143
AMRO,HepB birth dose,2021.0,74.28571428571429
AMRO,HepB birth dose,2022.0,74.28571428571429
AMRO,HepB birth dose,2023.0,77.14285714285715
AMRO,Hepatitis A vaccine,2002.0,2.857142857142857
AMRO,Hepatitis A vaccine,2003.0,2.857142857142857
AMRO,Hepatitis A vaccine,2004.0,2.857142857142857
AMRO,Hepatitis A vaccine,2005.0,5.714285714285714
AMRO,Hepatitis A vaccine,2006.0,8.571428571428571
AMRO,Hepatitis A vaccine,2007.0,8.571428571428571
AMRO,Hepatitis A vaccine,2008.0,11.428571428571429
AMRO,Hepatitis A vaccine,2009.0,11.428571428571429
AMRO,Hepatitis A vaccine,2010.0,11.428571428571429
AMRO,Hepatitis A vaccine,2011.0,11.428571428571429
AMRO,Hepatitis A vaccine,2012.0,14.285714285714285
AMRO,Hepatitis A vaccine,2013.0,17.142857142857142
AMRO,Hepatitis A vaccine,2014.0,22.857142857142858
AMRO,Hepatitis A vaccine,2015.0,22.857142857142858
AMRO,Hepatitis A vaccine,2016.0,22.857142857142858
AMRO,Hepatitis A vaccine,2017.0,22.857142857142858
AMRO,Hepatitis A vaccine,2018.0,22.857142857142858
AMRO,Hepatitis A vaccine,2019.0,22.857142857142858
AMRO,Hepatitis A vaccine,2020.0,25.71428571428571
AMRO,Hepatitis A vaccine,2021.0,25.71428571428571
AMRO,Hepatitis A vaccine,2022.0,25.71428571428571
AMRO,Hepatitis A vaccine,2023.0,31.428571428571427
AMRO,Hepatitis B vaccine,1982.0,0.0
AMRO,Hepatitis B vaccine,1983.0,0.0
AMRO,Hepatitis B vaccine,1984.0,0.0
AMRO,Hepatitis B vaccine,1985.0,0.0
AMRO,Hepatitis B vaccine,1986.0,0.0
AMRO,Hepatitis B vaccine,1987.0,0.0
AMRO,Hepatitis B vaccine,1988.0,0.0
AMRO,Hepatitis B vaccine,1989.0,0.0
AMRO,Hepatitis B vaccine,1990.0,2.857142857142857
AMRO,Hepatitis B vaccine,1991.0,5.714285714285714
AMRO,Hepatitis B vaccine,1992.0,5.714285714285714
AMRO,Hepatitis B vaccine,1993.0,5.714285714285714
AMRO,Hepatitis B vaccine,1994.0,11.428571428571429
AMRO,Hepatitis B vaccine,1995.0,11.428571428571429
AMRO,Hepatitis B vaccine,1996.0,11.428571428571429
AMRO,Hepatitis B vaccine,1997.0,14.285714285714285
AMRO,Hepatitis B vaccine,1998.0,20.0
AMRO,Hepatitis B vaccine,1999.0,40.0
AMRO,Hepatitis B vaccine,2000.0,62.857142857142854
AMRO,Hepatitis B vaccine,2001.0,71.42857142857143
AMRO,Hepatitis B vaccine,2002.0,77.14285714285715
AMRO,Hepatitis B vaccine,2003.0,85.71428571428571
AMRO,Hepatitis B vaccine,2004.0,85.71428571428571
AMRO,Hepatitis B vaccine,2005.0,94.28571428571428
AMRO,Hepatitis B vaccine,2006.0,97.14285714285714
AMRO,Hepatitis B vaccine,2007.0,97.14285714285714
AMRO,Hepatitis B vaccine,2008.0,97.14285714285714
AMRO,Hepatitis B vaccine,2009.0,97.14285714285714
AMRO,Hepatitis B vaccine,2010.0,97.14285714285714
AMRO,Hepatitis B vaccine,2011.0,97.14285714285714
AMRO,Hepatitis B vaccine,2012.0,100.0
AMRO,Hepatitis B vaccine,2013.0,100.0
AMRO,Hepatitis B vaccine,2014.0,100.0
AMRO,Hepatitis B vaccine,2015.0,100.0
AMRO,Hepatitis B vaccine,2016.0,100.0
AMRO,Hepatitis B vaccine,2017.0,100.0
AMRO,Hepatitis B vaccine,2018.0,100.0
AMRO,Hepatitis B vaccine,2019.0,100.0
AMRO,Hepatitis B vaccine,2020.0,100.0
AMRO,Hepatitis B vaccine,2021.0,100.0
AMRO,Hepatitis B vaccine,2022.0,100.0
AMRO,Hepatitis B vaccine,2023.0,100.0
AMRO,Hib (Haemophilus influenzae type B) vaccine,1986.0,2.857142857142857
AMRO,Hib (Haemophilus influenzae type B) vaccine,1987.0,2.857142857142857
AMRO,Hib (Haemophilus influenzae type B) vaccine,1988.0,2.857142857142857
AMRO,Hib (Haemophilus influenzae type B) vaccine,1989.0,2.857142857142857
AMRO,Hib (Haemophilus influenzae type B) vaccine,1990.0,2.857142857142857
AMRO,Hib (Haemophilus influenzae type B) vaccine,1991.0,5.714285714285714
AMRO,Hib (Haemophilus influenzae type B) vaccine,1992.0,5.714285714285714
AMRO,Hib (Haemophilus influenzae type B) vaccine,1993.0,5.714285714285714
AMRO,Hib (Haemophilus influenzae type B) vaccine,1994.0,8.571428571428571
AMRO,Hib (Haemophilus influenzae type B) vaccine,1995.0,8.571428571428571
AMRO,Hib (Haemophilus influenzae type B) vaccine,1996.0,11.428571428571429
AMRO,Hib (Haemophilus influenzae type B) vaccine,1997.0,14.285714285714285
AMRO,Hib (Haemophilus influenzae type B) vaccine,1998.0,22.857142857142858
AMRO,Hib (Haemophilus influenzae type B) vaccine,1999.0,40.0
AMRO,Hib (Haemophilus influenzae type B) vaccine,2000.0,60.0
AMRO,Hib (Haemophilus influenzae type B) vaccine,2001.0,65.71428571428571
AMRO,Hib (Haemophilus influenzae type B) vaccine,2002.0,77.14285714285715
AMRO,Hib (Haemophilus influenzae type B) vaccine,2003.0,85.71428571428571
AMRO,Hib (Haemophilus influenzae type B) vaccine,2004.0,85.71428571428571
AMRO,Hib (Haemophilus influenzae type B) vaccine,2005.0,94.28571428571428
AMRO,Hib (Haemophilus influenzae type B) vaccine,2006.0,97.14285714285714
AMRO,Hib (Haemophilus influenzae type B) vaccine,2007.0,97.14285714285714
AMRO,Hib (Haemophilus influenzae type B) vaccine,2008.0,97.14285714285714
AMRO,Hib (Haemophilus influenzae type B) vaccine,2009.0,97.14285714285714
AMRO,Hib (Haemophilus influenzae type B) vaccine,2010.0,97.14285714285714
AMRO,Hib (Haemophilus influenzae type B) vaccine,2011.0,97.14285714285714
AMRO,Hib (Haemophilus influenzae type B) vaccine,2012.0,100.0
AMRO,Hib (Haemophilus influenzae type B) vaccine,2013.0,100.0
AMRO,Hib (Haemophilus influenzae type B) vaccine,2014.0,100.0
AMRO,Hib (Haemophilus influenzae type B) vaccine,2015.0,100.0
AMRO,Hib (Haemophilus influenzae type B) vaccine,2016.0,100.0
AMRO,Hib (Haemophilus influenzae type B) vaccine,2017.0,100.0
AMRO,Hib (Haemophilus influenzae type B) vaccine,2018.0,100.0
AMRO,Hib (Haemophilus influenzae type B) vaccine,2019.0,100.0
AMRO,Hib (Haemophilus influenzae type B) vaccine,2020.0,100.0
AMRO,Hib (Haemophilus influenzae type B) vaccine,2021.0,100.0
AMRO,Hib (Haemophilus influenzae type B) vaccine,2022.0,100.0
AMRO,Hib (Haemophilus influenzae type B) vaccine,2023.0,100.0
AMRO,IPV (Inactivated polio vaccine),1955.0,2.857142857142857
AMRO,IPV (Inactivated polio vaccine),1956.0,2.857142857142857
AMRO,IPV (Inactivated polio vaccine),1957.0,2.857142857142857
AMRO,IPV (Inactivated polio vaccine),1958.0,2.857142857142857
AMRO,IPV (Inactivated polio vaccine),1959.0,2.857142857142857
AMRO,IPV (Inactivated polio vaccine),1960.0,2.857142857142857
AMRO,IPV (Inactivated polio vaccine),1961.0,2.857142857142857
AMRO,IPV (Inactivated polio vaccine),1962.0,2.857142857142857
AMRO,IPV (Inactivated polio vaccine),1963.0,2.857142857142857
AMRO,IPV (Inactivated polio vaccine),1964.0,2.857142857142857
AMRO,IPV (Inactivated polio vaccine),1965.0,2.857142857142857
AMRO,IPV (Inactivated polio vaccine),1966.0,2.857142857142857
AMRO,IPV (Inactivated polio vaccine),1967.0,2.857142857142857
AMRO,IPV (Inactivated polio vaccine),1968.0,2.857142857142857
AMRO,IPV (Inactivated polio vaccine),1969.0,2.857142857142857
AMRO,IPV (Inactivated polio vaccine),1970.0,2.857142857142857
AMRO,IPV (Inactivated polio vaccine),1971.0,2.857142857142857
AMRO,IPV (Inactivated polio vaccine),1972.0,2.857142857142857
AMRO,IPV (Inactivated polio vaccine),1973.0,2.857142857142857
AMRO,IPV (Inactivated polio vaccine),1974.0,2.857142857142857
AMRO,IPV (Inactivated polio vaccine),1975.0,2.857142857142857
AMRO,IPV (Inactivated polio vaccine),1976.0,2.857142857142857
AMRO,IPV (Inactivated polio vaccine),1977.0,2.857142857142857
AMRO,IPV (Inactivated polio vaccine),1978.0,2.857142857142857
AMRO,IPV (Inactivated polio vaccine),1979.0,2.857142857142857
AMRO,IPV (Inactivated polio vaccine),1980.0,2.857142857142857
AMRO,IPV (Inactivated polio vaccine),1981.0,2.857142857142857
AMRO,IPV (Inactivated polio vaccine),1982.0,2.857142857142857
AMRO,IPV (Inactivated polio vaccine),1983.0,2.857142857142857
AMRO,IPV (Inactivated polio vaccine),1984.0,2.857142857142857
AMRO,IPV (Inactivated polio vaccine),1985.0,2.857142857142857
AMRO,IPV (Inactivated polio vaccine),1986.0,2.857142857142857
AMRO,IPV (Inactivated polio vaccine),1987.0,2.857142857142857
AMRO,IPV (Inactivated polio vaccine),1988.0,2.857142857142857
AMRO,IPV (Inactivated polio vaccine),1989.0,2.857142857142857
AMRO,IPV (Inactivated polio vaccine),1990.0,2.857142857142857
AMRO,IPV (Inactivated polio vaccine),1991.0,2.857142857142857
AMRO,IPV (Inactivated polio vaccine),1992.0,2.857142857142857
AMRO,IPV (Inactivated polio vaccine),1993.0,2.857142857142857
AMRO,IPV (Inactivated polio vaccine),1994.0,2.857142857142857
AMRO,IPV (Inactivated polio vaccine),1995.0,2.857142857142857
AMRO,IPV (Inactivated polio vaccine),1996.0,2.857142857142857
AMRO,IPV (Inactivated polio vaccine),1997.0,5.714285714285714
AMRO,IPV (Inactivated polio vaccine),1998.0,5.714285714285714
AMRO,IPV (Inactivated polio vaccine),1999.0,5.714285714285714
AMRO,IPV (Inactivated polio vaccine),2000.0,5.714285714285714
AMRO,IPV (Inactivated polio vaccine),2001.0,5.714285714285714
AMRO,IPV (Inactivated polio vaccine),2002.0,5.714285714285714
AMRO,IPV (Inactivated polio vaccine),2003.0,5.714285714285714
AMRO,IPV (Inactivated polio vaccine),2004.0,5.714285714285714
AMRO,IPV (Inactivated polio vaccine),2005.0,5.714285714285714
AMRO,IPV (Inactivated polio vaccine),2006.0,5.714285714285714
AMRO,IPV (Inactivated polio vaccine),2007.0,5.714285714285714
AMRO,IPV (Inactivated polio vaccine),2008.0,8.571428571428571
AMRO,IPV (Inactivated polio vaccine),2009.0,8.571428571428571
AMRO,IPV (Inactivated polio vaccine),2010.0,11.428571428571429
AMRO,IPV (Inactivated polio vaccine),2011.0,11.428571428571429
AMRO,IPV (Inactivated polio vaccine),2012.0,17.142857142857142
AMRO,IPV (Inactivated polio vaccine),2013.0,20.0
AMRO,IPV (Inactivated polio vaccine),2014.0,22.857142857142858
AMRO,IPV (Inactivated polio vaccine),2015.0,77.14285714285715
AMRO,IPV (Inactivated polio vaccine),2016.0,100.0
AMRO,IPV (Inactivated polio vaccine),2017.0,100.0
AMRO,IPV (Inactivated polio vaccine),2018.0,100.0
AMRO,IPV (Inactivated polio vaccine),2019.0,100.0
AMRO,IPV (Inactivated polio vaccine),2020.0,100.0
AMRO,IPV (Inactivated polio vaccine),2021.0,100.0
AMRO,IPV (Inactivated polio vaccine),2022.0,100.0
AMRO,IPV (Inactivated polio vaccine),2023.0,100.0
AMRO,IPV (Inactivated polio vaccine) 2nd dose,1995.0,0.0
AMRO,IPV (Inactivated polio vaccine) 2nd dose,2002.0,5.714285714285714
AMRO,IPV (Inactivated polio vaccine) 2nd dose,2003.0,5.714285714285714
AMRO,IPV (Inactivated polio vaccine) 2nd dose,2004.0,5.714285714285714
AMRO,IPV (Inactivated polio vaccine) 2nd dose,2005.0,5.714285714285714
AMRO,IPV (Inactivated polio vaccine) 2nd dose,2006.0,5.714285714285714
AMRO,IPV (Inactivated polio vaccine) 2nd dose,2007.0,5.714285714285714
AMRO,IPV (Inactivated polio vaccine) 2nd dose,2008.0,8.571428571428571
AMRO,IPV (Inactivated polio vaccine) 2nd dose,2009.0,8.571428571428571
AMRO,IPV (Inactivated polio vaccine) 2nd dose,2010.0,11.428571428571429
AMRO,IPV (Inactivated polio vaccine) 2nd dose,2011.0,11.428571428571429
AMRO,IPV (Inactivated polio vaccine) 2nd dose,2012.0,17.142857142857142
AMRO,IPV (Inactivated polio vaccine) 2nd dose,2013.0,20.0
AMRO,IPV (Inactivated polio vaccine) 2nd dose,2014.0,22.857142857142858
AMRO,IPV (Inactivated polio vaccine) 2nd dose,2015.0,25.71428571428571
AMRO,IPV (Inactivated polio vaccine) 2nd dose,2016.0,31.428571428571427
AMRO,IPV (Inactivated polio vaccine) 2nd dose,2017.0,31.428571428571427
AMRO,IPV (Inactivated polio vaccine) 2nd dose,2018.0,45.714285714285715
AMRO,IPV (Inactivated polio vaccine) 2nd dose,2019.0,54.285714285714285
AMRO,IPV (Inactivated polio vaccine) 2nd dose,2020.0,65.71428571428571
AMRO,IPV (Inactivated polio vaccine) 2nd dose,2021.0,80.0
AMRO,IPV (Inactivated polio vaccine) 2nd dose,2022.0,85.71428571428571
AMRO,IPV (Inactivated polio vaccine) 2nd dose,2023.0,94.28571428571428
AMRO,Japanese Encephalitis,2001.0,0.0
AMRO,Japanese Encephalitis,2002.0,0.0
AMRO,Japanese Encephalitis,2003.0,0.0
AMRO,Japanese Encephalitis,2004.0,0.0
AMRO,Japanese Encephalitis,2005.0,0.0
AMRO,Japanese Encephalitis,2006.0,0.0
AMRO,Japanese Encephalitis,2007.0,0.0
AMRO,Japanese Encephalitis,2008.0,0.0
AMRO,Japanese Encephalitis,2009.0,0.0
AMRO,Japanese Encephalitis,2010.0,0.0
AMRO,Japanese Encephalitis,2011.0,0.0
AMRO,Japanese Encephalitis,2012.0,0.0
AMRO,Japanese Encephalitis,2013.0,0.0
AMRO,Japanese Encephalitis,2014.0,0.0
AMRO,Japanese Encephalitis,2015.0,0.0
AMRO,Japanese Encephalitis,2016.0,0.0
AMRO,Japanese Encephalitis,2017.0,0.0
AMRO,Japanese Encephalitis,2018.0,0.0
AMRO,Japanese Encephalitis,2019.0,0.0
AMRO,Japanese Encephalitis,2020.0,0.0
AMRO,Japanese Encephalitis,2021.0,0.0
AMRO,Japanese Encephalitis,2022.0,0.0
AMRO,Japanese Encephalitis,2023.0,0.0
AMRO,Malaria vaccine,2019.0,0.0
AMRO,Malaria vaccine,2020.0,0.0
AMRO,Malaria vaccine,2021.0,0.0
AMRO,Malaria vaccine,2022.0,0.0
AMRO,Malaria vaccine,2023.0,0.0
AMRO,Measles-containing vaccine 2nd dose,1963.0,0.0
AMRO,Measles-containing vaccine 2nd dose,1964.0,0.0
AMRO,Measles-containing vaccine 2nd dose,1965.0,0.0
AMRO,Measles-containing vaccine 2nd dose,1966.0,0.0
AMRO,Measles-containing vaccine 2nd dose,1967.0,0.0
AMRO,Measles-containing vaccine 2nd dose,1968.0,0.0
AMRO,Measles-containing vaccine 2nd dose,1969.0,0.0
AMRO,Measles-containing vaccine 2nd dose,1970.0,0.0
AMRO,Measles-containing vaccine 2nd dose,1971.0,0.0
AMRO,Measles-containing vaccine 2nd dose,1972.0,0.0
AMRO,Measles-containing vaccine 2nd dose,1973.0,0.0
AMRO,Measles-containing vaccine 2nd dose,1974.0,0.0
AMRO,Measles-containing vaccine 2nd dose,1975.0,0.0
AMRO,Measles-containing vaccine 2nd dose,1976.0,0.0
AMRO,Measles-containing vaccine 2nd dose,1977.0,0.0
AMRO,Measles-containing vaccine 2nd dose,1978.0,0.0
AMRO,Measles-containing vaccine 2nd dose,1979.0,0.0
AMRO,Measles-containing vaccine 2nd dose,1980.0,0.0
AMRO,Measles-containing vaccine 2nd dose,1981.0,0.0
AMRO,Measles-containing vaccine 2nd dose,1982.0,0.0
AMRO,Measles-containing vaccine 2nd dose,1983.0,0.0
AMRO,Measles-containing vaccine 2nd dose,1984.0,0.0
AMRO,Measles-containing vaccine 2nd dose,1985.0,0.0
AMRO,Measles-containing vaccine 2nd dose,1986.0,0.0
AMRO,Measles-containing vaccine 2nd dose,1987.0,0.0
AMRO,Measles-containing vaccine 2nd dose,1988.0,0.0
AMRO,Measles-containing vaccine 2nd dose,1989.0,2.857142857142857
AMRO,Measles-containing vaccine 2nd dose,1990.0,2.857142857142857
AMRO,Measles-containing vaccine 2nd dose,1991.0,5.714285714285714
AMRO,Measles-containing vaccine 2nd dose,1992.0,17.142857142857142
AMRO,Measles-containing vaccine 2nd dose,1993.0,20.0
AMRO,Measles-containing vaccine 2nd dose,1994.0,20.0
AMRO,Measles-containing vaccine 2nd dose,1995.0,20.0
AMRO,Measles-containing vaccine 2nd dose,1996.0,20.0
AMRO,Measles-containing vaccine 2nd dose,1997.0,37.142857142857146
AMRO,Measles-containing vaccine 2nd dose,1998.0,40.0
AMRO,Measles-containing vaccine 2nd dose,1999.0,40.0
AMRO,Measles-containing vaccine 2nd dose,2000.0,45.714285714285715
AMRO,Measles-containing vaccine 2nd dose,2001.0,57.14285714285714
AMRO,Measles-containing vaccine 2nd dose,2002.0,60.0
AMRO,Measles-containing vaccine 2nd dose,2003.0,60.0
AMRO,Measles-containing vaccine 2nd dose,2004.0,68.57142857142857
AMRO,Measles-containing vaccine 2nd dose,2005.0,74.28571428571429
AMRO,Measles-containing vaccine 2nd dose,2006.0,74.28571428571429
AMRO,Measles-containing vaccine 2nd dose,2007.0,77.14285714285715
AMRO,Measles-containing vaccine 2nd dose,2008.0,77.14285714285715
AMRO,Measles-containing vaccine 2nd dose,2009.0,82.85714285714286
AMRO,Measles-containing vaccine 2nd dose,2010.0,82.85714285714286
AMRO,Measles-containing vaccine 2nd dose,2011.0,82.85714285714286
AMRO,Measles-containing vaccine 2nd dose,2012.0,82.85714285714286
AMRO,Measles-containing vaccine 2nd dose,2013.0,82.85714285714286
AMRO,Measles-containing vaccine 2nd dose,2014.0,82.85714285714286
AMRO,Measles-containing vaccine 2nd dose,2015.0,82.85714285714286
AMRO,Measles-containing vaccine 2nd dose,2016.0,88.57142857142857
AMRO,Measles-containing vaccine 2nd dose,2017.0,91.42857142857143
AMRO,Measles-containing vaccine 2nd dose,2018.0,100.0
AMRO,Measles-containing vaccine 2nd dose,2019.0,100.0
AMRO,Measles-containing vaccine 2nd dose,2020.0,100.0
AMRO,Measles-containing vaccine 2nd dose,2021.0,100.0
AMRO,Measles-containing vaccine 2nd dose,2022.0,100.0
AMRO,Measles-containing vaccine 2nd dose,2023.0,100.0
AMRO,Meningococcal meningitis vaccines (all strains),1999.0,0.0
AMRO,Meningococcal meningitis vaccines (all strains),2000.0,0.0
AMRO,Meningococcal meningitis vaccines (all strains),2001.0,0.0
AMRO,Meningococcal meningitis vaccines (all strains),2002.0,0.0
AMRO,Meningococcal meningitis vaccines (all strains),2003.0,0.0
AMRO,Meningococcal meningitis vaccines (all strains),2004.0,2.857142857142857
AMRO,Meningococcal meningitis vaccines (all strains),2005.0,2.857142857142857
AMRO,Meningococcal meningitis vaccines (all strains),2006.0,5.714285714285714
AMRO,Meningococcal meningitis vaccines (all strains),2007.0,5.714285714285714
AMRO,Meningococcal meningitis vaccines (all strains),2008.0,5.714285714285714
AMRO,Meningococcal meningitis vaccines (all strains),2009.0,5.714285714285714
AMRO,Meningococcal meningitis vaccines (all strains),2010.0,8.571428571428571
AMRO,Meningococcal meningitis vaccines (all strains),2011.0,8.571428571428571
AMRO,Meningococcal meningitis vaccines (all strains),2012.0,11.428571428571429
AMRO,Meningococcal meningitis vaccines (all strains),2013.0,11.428571428571429
AMRO,Meningococcal meningitis vaccines (all strains),2014.0,11.428571428571429
AMRO,Meningococcal meningitis vaccines (all strains),2015.0,11.428571428571429
AMRO,Meningococcal meningitis vaccines (all strains),2016.0,14.285714285714285
AMRO,Meningococcal meningitis vaccines (all strains),2017.0,17.142857142857142
AMRO,Meningococcal meningitis vaccines (all strains),2018.0,17.142857142857142
AMRO,Meningococcal meningitis vaccines (all strains),2019.0,17.142857142857142
AMRO,Meningococcal meningitis vaccines (all strains),2020.0,17.142857142857142
AMRO,Meningococcal meningitis vaccines (all strains),2021.0,17.142857142857142
AMRO,Meningococcal meningitis vaccines (all strains),2022.0,17.142857142857142
AMRO,Meningococcal meningitis vaccines (all strains),2023.0,20.0
AMRO,Mumps vaccine,1969.0,2.857142857142857
AMRO,Mumps vaccine,1970.0,2.857142857142857
AMRO,Mumps vaccine,1971.0,2.857142857142857
AMRO,Mumps vaccine,1972.0,2.857142857142857
AMRO,Mumps vaccine,1973.0,2.857142857142857
AMRO,Mumps vaccine,1974.0,2.857142857142857
AMRO,Mumps vaccine,1975.0,2.857142857142857
AMRO,Mumps vaccine,1976.0,2.857142857142857
AMRO,Mumps vaccine,1977.0,2.857142857142857
AMRO,Mumps vaccine,1978.0,2.857142857142857
AMRO,Mumps vaccine,1979.0,2.857142857142857
AMRO,Mumps vaccine,1980.0,2.857142857142857
AMRO,Mumps vaccine,1981.0,2.857142857142857
AMRO,Mumps vaccine,1982.0,8.571428571428571
AMRO,Mumps vaccine,1983.0,11.428571428571429
AMRO,Mumps vaccine,1984.0,14.285714285714285
AMRO,Mumps vaccine,1985.0,14.285714285714285
AMRO,Mumps vaccine,1986.0,20.0
AMRO,Mumps vaccine,1987.0,25.71428571428571
AMRO,Mumps vaccine,1988.0,28.57142857142857
AMRO,Mumps vaccine,1989.0,31.428571428571427
AMRO,Mumps vaccine,1990.0,34.285714285714285
AMRO,Mumps vaccine,1991.0,40.0
AMRO,Mumps vaccine,1992.0,42.857142857142854
AMRO,Mumps vaccine,1993.0,51.42857142857142
AMRO,Mumps vaccine,1994.0,51.42857142857142
AMRO,Mumps vaccine,1995.0,60.0
AMRO,Mumps vaccine,1996.0,62.857142857142854
AMRO,Mumps vaccine,1997.0,74.28571428571429
AMRO,Mumps vaccine,1998.0,82.85714285714286
AMRO,Mumps vaccine,1999.0,85.71428571428571
AMRO,Mumps vaccine,2000.0,88.57142857142857
AMRO,Mumps vaccine,2001.0,88.57142857142857
AMRO,Mumps vaccine,2002.0,91.42857142857143
AMRO,Mumps vaccine,2003.0,97.14285714285714
AMRO,Mumps vaccine,2004.0,97.14285714285714
AMRO,Mumps vaccine,2005.0,97.14285714285714
AMRO,Mumps vaccine,2006.0,97.14285714285714
AMRO,Mumps vaccine,2007.0,97.14285714285714
AMRO,Mumps vaccine,2008.0,97.14285714285714
AMRO,Mumps vaccine,2009.0,97.14285714285714
AMRO,Mumps vaccine,2010.0,97.14285714285714
AMRO,Mumps vaccine,2011.0,97.14285714285714
AMRO,Mumps vaccine,2012.0,97.14285714285714
AMRO,Mumps vaccine,2013.0,97.14285714285714
AMRO,Mumps vaccine,2014.0,97.14285714285714
AMRO,Mumps vaccine,2015.0,97.14285714285714
AMRO,Mumps vaccine,2016.0,97.14285714285714
AMRO,Mumps vaccine,2017.0,97.14285714285714
AMRO,Mumps vaccine,2018.0,97.14285714285714
AMRO,Mumps vaccine,2019.0,97.14285714285714
AMRO,Mumps vaccine,2020.0,97.14285714285714
AMRO,Mumps vaccine,2021.0,97.14285714285714
AMRO,Mumps vaccine,2022.0,97.14285714285714
AMRO,Mumps vaccine,2023.0,97.14285714285714
AMRO,PCV (Pneumococcal conjugate vaccine),2000.0,2.857142857142857
AMRO,PCV (Pneumococcal conjugate vaccine),2001.0,2.857142857142857
AMRO,PCV (Pneumococcal conjugate vaccine),2002.0,5.714285714285714
AMRO,PCV (Pneumococcal conjugate vaccine),2003.0,5.714285714285714
AMRO,PCV (Pneumococcal conjugate vaccine),2004.0,5.714285714285714
AMRO,PCV (Pneumococcal conjugate vaccine),2005.0,5.714285714285714
AMRO,PCV (Pneumococcal conjugate vaccine),2006.0,5.714285714285714
AMRO,PCV (Pneumococcal conjugate vaccine),2007.0,5.714285714285714
AMRO,PCV (Pneumococcal conjugate vaccine),2008.0,11.428571428571429
AMRO,PCV (Pneumococcal conjugate vaccine),2009.0,22.857142857142858
AMRO,PCV (Pneumococcal conjugate vaccine),2010.0,37.142857142857146
AMRO,PCV (Pneumococcal conjugate vaccine),2011.0,48.57142857142857
AMRO,PCV (Pneumococcal conjugate vaccine),2012.0,60.0
AMRO,PCV (Pneumococcal conjugate vaccine),2013.0,62.857142857142854
AMRO,PCV (Pneumococcal conjugate vaccine),2014.0,68.57142857142857
AMRO,PCV (Pneumococcal conjugate vaccine),2015.0,68.57142857142857
AMRO,PCV (Pneumococcal conjugate vaccine),2016.0,68.57142857142857
AMRO,PCV (Pneumococcal conjugate vaccine),2017.0,65.71428571428571
AMRO,PCV (Pneumococcal conjugate vaccine),2018.0,68.57142857142857
AMRO,PCV (Pneumococcal conjugate vaccine),2019.0,68.57142857142857
AMRO,PCV (Pneumococcal conjugate vaccine),2020.0,68.57142857142857
AMRO,PCV (Pneumococcal conjugate vaccine),2021.0,68.57142857142857
AMRO,PCV (Pneumococcal conjugate vaccine),2022.0,68.57142857142857
AMRO,PCV (Pneumococcal conjugate vaccine),2023.0,71.42857142857143
AMRO,PPV (Pneumococcal polysaccharide vaccine),1999.0,0.0
AMRO,PPV (Pneumococcal polysaccharide vaccine),2000.0,0.0
AMRO,PPV (Pneumococcal polysaccharide vaccine),2001.0,0.0
AMRO,PPV (Pneumococcal polysaccharide vaccine),2002.0,0.0
AMRO,PPV (Pneumococcal polysaccharide vaccine),2003.0,2.857142857142857
AMRO,PPV (Pneumococcal polysaccharide vaccine),2004.0,2.857142857142857
AMRO,PPV (Pneumococcal polysaccharide vaccine),2005.0,2.857142857142857
AMRO,PPV (Pneumococcal polysaccharide vaccine),2006.0,5.714285714285714
AMRO,PPV (Pneumococcal polysaccharide vaccine),2007.0,11.428571428571429
AMRO,PPV (Pneumococcal polysaccharide vaccine),2008.0,14.285714285714285
AMRO,PPV (Pneumococcal polysaccharide vaccine),2009.0,22.857142857142858
AMRO,PPV (Pneumococcal polysaccharide vaccine),2010.0,22.857142857142858
AMRO,PPV (Pneumococcal polysaccharide vaccine),2011.0,25.71428571428571
AMRO,PPV (Pneumococcal polysaccharide vaccine),2012.0,34.285714285714285
AMRO,PPV (Pneumococcal polysaccharide vaccine),2013.0,34.285714285714285
AMRO,PPV (Pneumococcal polysaccharide vaccine),2014.0,34.285714285714285
AMRO,PPV (Pneumococcal polysaccharide vaccine),2015.0,31.428571428571427
AMRO,PPV (Pneumococcal polysaccharide vaccine),2016.0,31.428571428571427
AMRO,PPV (Pneumococcal polysaccharide vaccine),2017.0,25.71428571428571
AMRO,PPV (Pneumococcal polysaccharide vaccine),2018.0,28.57142857142857
AMRO,PPV (Pneumococcal polysaccharide vaccine),2019.0,25.71428571428571
AMRO,PPV (Pneumococcal polysaccharide vaccine),2020.0,25.71428571428571
AMRO,PPV (Pneumococcal polysaccharide vaccine),2021.0,25.71428571428571
AMRO,PPV (Pneumococcal polysaccharide vaccine),2022.0,22.857142857142858
AMRO,PPV (Pneumococcal polysaccharide vaccine),2023.0,25.71428571428571
AMRO,Rotavirus vaccine,2006.0,17.142857142857142
AMRO,Rotavirus vaccine,2007.0,22.857142857142858
AMRO,Rotavirus vaccine,2008.0,25.71428571428571
AMRO,Rotavirus vaccine,2009.0,34.285714285714285
AMRO,Rotavirus vaccine,2010.0,42.857142857142854
AMRO,Rotavirus vaccine,2011.0,42.857142857142854
AMRO,Rotavirus vaccine,2012.0,45.714285714285715
AMRO,Rotavirus vaccine,2013.0,45.714285714285715
AMRO,Rotavirus vaccine,2014.0,48.57142857142857
AMRO,Rotavirus vaccine,2015.0,51.42857142857142
AMRO,Rotavirus vaccine,2016.0,51.42857142857142
AMRO,Rotavirus vaccine,2017.0,57.14285714285714
AMRO,Rotavirus vaccine,2018.0,54.285714285714285
AMRO,Rotavirus vaccine,2019.0,57.14285714285714
AMRO,Rotavirus vaccine,2020.0,57.14285714285714
AMRO,Rotavirus vaccine,2021.0,57.14285714285714
AMRO,Rotavirus vaccine,2022.0,57.14285714285714
AMRO,Rotavirus vaccine,2023.0,57.14285714285714
AMRO,Rubella vaccine,1969.0,2.857142857142857
AMRO,Rubella vaccine,1970.0,2.857142857142857
AMRO,Rubella vaccine,1971.0,2.857142857142857
AMRO,Rubella vaccine,1972.0,5.714285714285714
AMRO,Rubella vaccine,1973.0,5.714285714285714
AMRO,Rubella vaccine,1974.0,5.714285714285714
AMRO,Rubella vaccine,1975.0,5.714285714285714
AMRO,Rubella vaccine,1976.0,5.714285714285714
AMRO,Rubella vaccine,1977.0,5.714285714285714
AMRO,Rubella vaccine,1978.0,5.714285714285714
AMRO,Rubella vaccine,1979.0,8.571428571428571
AMRO,Rubella vaccine,1980.0,11.428571428571429
AMRO,Rubella vaccine,1981.0,11.428571428571429
AMRO,Rubella vaccine,1982.0,17.142857142857142
AMRO,Rubella vaccine,1983.0,17.142857142857142
AMRO,Rubella vaccine,1984.0,22.857142857142858
AMRO,Rubella vaccine,1985.0,22.857142857142858
AMRO,Rubella vaccine,1986.0,28.57142857142857
AMRO,Rubella vaccine,1987.0,31.428571428571427
AMRO,Rubella vaccine,1988.0,34.285714285714285
AMRO,Rubella vaccine,1989.0,37.142857142857146
AMRO,Rubella vaccine,1990.0,40.0
AMRO,Rubella vaccine,1991.0,45.714285714285715
AMRO,Rubella vaccine,1992.0,45.714285714285715
AMRO,Rubella vaccine,1993.0,54.285714285714285
AMRO,Rubella vaccine,1994.0,54.285714285714285
AMRO,Rubella vaccine,1995.0,60.0
AMRO,Rubella vaccine,1996.0,62.857142857142854
AMRO,Rubella vaccine,1997.0,71.42857142857143
AMRO,Rubella vaccine,1998.0,80.0
AMRO,Rubella vaccine,1999.0,80.0
AMRO,Rubella vaccine,2000.0,85.71428571428571
AMRO,Rubella vaccine,2001.0,88.57142857142857
AMRO,Rubella vaccine,2002.0,91.42857142857143
AMRO,Rubella vaccine,2003.0,94.28571428571428
AMRO,Rubella vaccine,2004.0,97.14285714285714
AMRO,Rubella vaccine,2005.0,97.14285714285714
AMRO,Rubella vaccine,2006.0,97.14285714285714
AMRO,Rubella vaccine,2007.0,97.14285714285714
AMRO,Rubella vaccine,2008.0,100.0
AMRO,Rubella vaccine,2009.0,100.0
AMRO,Rubella vaccine,2010.0,100.0
AMRO,Rubella vaccine,2011.0,100.0
AMRO,Rubella vaccine,2012.0,100.0
AMRO,Rubella vaccine,2013.0,100.0
AMRO,Rubella vaccine,2014.0,100.0
AMRO,Rubella vaccine,2015.0,100.0
AMRO,Rubella vaccine,2016.0,100.0
AMRO,Rubella vaccine,2017.0,100.0
AMRO,Rubella vaccine,2018.0,100.0
AMRO,Rubella vaccine,2019.0,100.0
AMRO,Rubella vaccine,2020.0,100.0
AMRO,Rubella vaccine,2021.0,100.0
AMRO,Rubella vaccine,2022.0,100.0
AMRO,Rubella vaccine,2023.0,100.0
AMRO,Seasonal Influenza vaccine,1940.0,2.857142857142857
AMRO,Seasonal Influenza vaccine,1941.0,2.857142857142857
AMRO,Seasonal Influenza vaccine,1942.0,2.857142857142857
AMRO,Seasonal Influenza vaccine,1943.0,2.857142857142857
AMRO,Seasonal Influenza vaccine,1944.0,2.857142857142857
AMRO,Seasonal Influenza vaccine,1945.0,2.857142857142857
AMRO,Seasonal Influenza vaccine,1946.0,2.857142857142857
AMRO,Seasonal Influenza vaccine,1947.0,2.857142857142857
AMRO,Seasonal Influenza vaccine,1948.0,2.857142857142857
AMRO,Seasonal Influenza vaccine,1949.0,2.857142857142857
AMRO,Seasonal Influenza vaccine,1950.0,2.857142857142857
AMRO,Seasonal Influenza vaccine,1951.0,2.857142857142857
AMRO,Seasonal Influenza vaccine,1952.0,2.857142857142857
AMRO,Seasonal Influenza vaccine,1953.0,2.857142857142857
AMRO,Seasonal Influenza vaccine,1954.0,2.857142857142857
AMRO,Seasonal Influenza vaccine,1955.0,2.857142857142857
AMRO,Seasonal Influenza vaccine,1956.0,2.857142857142857
AMRO,Seasonal Influenza vaccine,1957.0,2.857142857142857
AMRO,Seasonal Influenza vaccine,1958.0,2.857142857142857
AMRO,Seasonal Influenza vaccine,1959.0,2.857142857142857
AMRO,Seasonal Influenza vaccine,1960.0,2.857142857142857
AMRO,Seasonal Influenza vaccine,1961.0,2.857142857142857
AMRO,Seasonal Influenza vaccine,1962.0,2.857142857142857
AMRO,Seasonal Influenza vaccine,1963.0,2.857142857142857
AMRO,Seasonal Influenza vaccine,1964.0,2.857142857142857
AMRO,Seasonal Influenza vaccine,1965.0,2.857142857142857
AMRO,Seasonal Influenza vaccine,1966.0,2.857142857142857
AMRO,Seasonal Influenza vaccine,1967.0,2.857142857142857
AMRO,Seasonal Influenza vaccine,1968.0,2.857142857142857
AMRO,Seasonal Influenza vaccine,1969.0,2.857142857142857
AMRO,Seasonal Influenza vaccine,1970.0,5.714285714285714
AMRO,Seasonal Influenza vaccine,1971.0,5.714285714285714
AMRO,Seasonal Influenza vaccine,1972.0,5.714285714285714
AMRO,Seasonal Influenza vaccine,1973.0,5.714285714285714
AMRO,Seasonal Influenza vaccine,1974.0,5.714285714285714
AMRO,Seasonal Influenza vaccine,1975.0,8.571428571428571
AMRO,Seasonal Influenza vaccine,1976.0,8.571428571428571
AMRO,Seasonal Influenza vaccine,1977.0,8.571428571428571
AMRO,Seasonal Influenza vaccine,1978.0,8.571428571428571
AMRO,Seasonal Influenza vaccine,1979.0,8.571428571428571
AMRO,Seasonal Influenza vaccine,1980.0,8.571428571428571
AMRO,Seasonal Influenza vaccine,1981.0,8.571428571428571
AMRO,Seasonal Influenza vaccine,1982.0,8.571428571428571
AMRO,Seasonal Influenza vaccine,1983.0,8.571428571428571
AMRO,Seasonal Influenza vaccine,1984.0,8.571428571428571
AMRO,Seasonal Influenza vaccine,1985.0,8.571428571428571
AMRO,Seasonal Influenza vaccine,1986.0,8.571428571428571
AMRO,Seasonal Influenza vaccine,1987.0,8.571428571428571
AMRO,Seasonal Influenza vaccine,1988.0,8.571428571428571
AMRO,Seasonal Influenza vaccine,1989.0,8.571428571428571
AMRO,Seasonal Influenza vaccine,1990.0,8.571428571428571
AMRO,Seasonal Influenza vaccine,1991.0,8.571428571428571
AMRO,Seasonal Influenza vaccine,1992.0,8.571428571428571
AMRO,Seasonal Influenza vaccine,1993.0,11.428571428571429
AMRO,Seasonal Influenza vaccine,1994.0,11.428571428571429
AMRO,Seasonal Influenza vaccine,1995.0,11.428571428571429
AMRO,Seasonal Influenza vaccine,1996.0,14.285714285714285
AMRO,Seasonal Influenza vaccine,1997.0,14.285714285714285
AMRO,Seasonal Influenza vaccine,1998.0,17.142857142857142
AMRO,Seasonal Influenza vaccine,1999.0,20.0
AMRO,Seasonal Influenza vaccine,2000.0,20.0
AMRO,Seasonal Influenza vaccine,2001.0,20.0
AMRO,Seasonal Influenza vaccine,2002.0,20.0
AMRO,Seasonal Influenza vaccine,2003.0,22.857142857142858
AMRO,Seasonal Influenza vaccine,2004.0,31.428571428571427
AMRO,Seasonal Influenza vaccine,2005.0,40.0
AMRO,Seasonal Influenza vaccine,2006.0,57.14285714285714
AMRO,Seasonal Influenza vaccine,2007.0,74.28571428571429
AMRO,Seasonal Influenza vaccine,2008.0,80.0
AMRO,Seasonal Influenza vaccine,2009.0,82.85714285714286
AMRO,Seasonal Influenza vaccine,2010.0,85.71428571428571
AMRO,Seasonal Influenza vaccine,2011.0,88.57142857142857
AMRO,Seasonal Influenza vaccine,2012.0,88.57142857142857
AMRO,Seasonal Influenza vaccine,2013.0,88.57142857142857
AMRO,Seasonal Influenza vaccine,2014.0,88.57142857142857
AMRO,Seasonal Influenza vaccine,2015.0,88.57142857142857
AMRO,Seasonal Influenza vaccine,2016.0,88.57142857142857
AMRO,Seasonal Influenza vaccine,2017.0,88.57142857142857
AMRO,Seasonal Influenza vaccine,2018.0,88.57142857142857
AMRO,Seasonal Influenza vaccine,2019.0,91.42857142857143
AMRO,Seasonal Influenza vaccine,2020.0,91.42857142857143
AMRO,Seasonal Influenza vaccine,2021.0,91.42857142857143
AMRO,Seasonal Influenza vaccine,2022.0,91.42857142857143
AMRO,Seasonal Influenza vaccine,2023.0,91.42857142857143
AMRO,Typhoid,2002.0,2.857142857142857
AMRO,Typhoid,2003.0,2.857142857142857
AMRO,Typhoid,2004.0,2.857142857142857
AMRO,Typhoid,2005.0,2.857142857142857
AMRO,Typhoid,2006.0,2.857142857142857
AMRO,Typhoid,2007.0,2.857142857142857
AMRO,Typhoid,2008.0,2.857142857142857
AMRO,Typhoid,2009.0,2.857142857142857
AMRO,Typhoid,2010.0,2.857142857142857
AMRO,Typhoid,2011.0,2.857142857142857
AMRO,Typhoid,2012.0,2.857142857142857
AMRO,Typhoid,2013.0,2.857142857142857
AMRO,Typhoid,2014.0,2.857142857142857
AMRO,Typhoid,2015.0,2.857142857142857
AMRO,Typhoid,2016.0,2.857142857142857
AMRO,Typhoid,2017.0,2.857142857142857
AMRO,Typhoid,2018.0,2.857142857142857
AMRO,Typhoid,2019.0,2.857142857142857
AMRO,Typhoid,2020.0,2.857142857142857
AMRO,Typhoid,2021.0,2.857142857142857
AMRO,Typhoid,2022.0,2.857142857142857
AMRO,Typhoid,2023.0,2.857142857142857
AMRO,Varicella vaccine,2001.0,2.857142857142857
AMRO,Varicella vaccine,2002.0,2.857142857142857
AMRO,Varicella vaccine,2003.0,2.857142857142857
AMRO,Varicella vaccine,2004.0,8.571428571428571
AMRO,Varicella vaccine,2005.0,8.571428571428571
AMRO,Varicella vaccine,2006.0,8.571428571428571
AMRO,Varicella vaccine,2007.0,11.428571428571429
AMRO,Varicella vaccine,2008.0,11.428571428571429
AMRO,Varicella vaccine,2009.0,14.285714285714285
AMRO,Varicella vaccine,2010.0,14.285714285714285
AMRO,Varicella vaccine,2011.0,17.142857142857142
AMRO,Varicella vaccine,2012.0,22.857142857142858
AMRO,Varicella vaccine,2013.0,28.57142857142857
AMRO,Varicella vaccine,2014.0,25.71428571428571
AMRO,Varicella vaccine,2015.0,31.428571428571427
AMRO,Varicella vaccine,2016.0,34.285714285714285
AMRO,Varicella vaccine,2017.0,34.285714285714285
AMRO,Varicella vaccine,2018.0,42.857142857142854
AMRO,Varicella vaccine,2019.0,42.857142857142854
AMRO,Varicella vaccine,2020.0,42.857142857142854
AMRO,Varicella vaccine,2021.0,42.857142857142854
AMRO,Varicella vaccine,2022.0,45.714285714285715
AMRO,Varicella vaccine,2023.0,48.57142857142857
AMRO,YF (Yellow fever) vaccine,1967.0,0.0
AMRO,YF (Yellow fever) vaccine,1968.0,0.0
AMRO,YF (Yellow fever) vaccine,1969.0,0.0
AMRO,YF (Yellow fever) vaccine,1970.0,0.0
AMRO,YF (Yellow fever) vaccine,1971.0,0.0
AMRO,YF (Yellow fever) vaccine,1972.0,0.0
AMRO,YF (Yellow fever) vaccine,1973.0,0.0
AMRO,YF (Yellow fever) vaccine,1974.0,0.0
AMRO,YF (Yellow fever) vaccine,1975.0,0.0
AMRO,YF (Yellow fever) vaccine,1976.0,0.0
AMRO,YF (Yellow fever) vaccine,1977.0,0.0
AMRO,YF (Yellow fever) vaccine,1978.0,0.0
AMRO,YF (Yellow fever) vaccine,1979.0,0.0
AMRO,YF (Yellow fever) vaccine,1980.0,2.857142857142857
AMRO,YF (Yellow fever) vaccine,1981.0,2.857142857142857
AMRO,YF (Yellow fever) vaccine,1982.0,2.857142857142857
AMRO,YF (Yellow fever) vaccine,1983.0,2.857142857142857
AMRO,YF (Yellow fever) vaccine,1984.0,5.714285714285714
AMRO,YF (Yellow fever) vaccine,1985.0,5.714285714285714
AMRO,YF (Yellow fever) vaccine,1986.0,5.714285714285714
AMRO,YF (Yellow fever) vaccine,1987.0,5.714285714285714
AMRO,YF (Yellow fever) vaccine,1988.0,5.714285714285714
AMRO,YF (Yellow fever) vaccine,1989.0,5.714285714285714
AMRO,YF (Yellow fever) vaccine,1990.0,5.714285714285714
AMRO,YF (Yellow fever) vaccine,1991.0,5.714285714285714
AMRO,YF (Yellow fever) vaccine,1992.0,5.714285714285714
AMRO,YF (Yellow fever) vaccine,1993.0,5.714285714285714
AMRO,YF (Yellow fever) vaccine,1994.0,5.714285714285714
AMRO,YF (Yellow fever) vaccine,1995.0,5.714285714285714
AMRO,YF (Yellow fever) vaccine,1996.0,5.714285714285714
AMRO,YF (Yellow fever) vaccine,1997.0,5.714285714285714
AMRO,YF (Yellow fever) vaccine,1998.0,5.714285714285714
AMRO,YF (Yellow fever) vaccine,1999.0,5.714285714285714
AMRO,YF (Yellow fever) vaccine,2000.0,5.714285714285714
AMRO,YF (Yellow fever) vaccine,2001.0,5.714285714285714
AMRO,YF (Yellow fever) vaccine,2002.0,8.571428571428571
AMRO,YF (Yellow fever) vaccine,2003.0,14.285714285714285
AMRO,YF (Yellow fever) vaccine,2004.0,17.142857142857142
AMRO,YF (Yellow fever) vaccine,2005.0,17.142857142857142
AMRO,YF (Yellow fever) vaccine,2006.0,17.142857142857142
AMRO,YF (Yellow fever) vaccine,2007.0,20.0
AMRO,YF (Yellow fever) vaccine,2008.0,20.0
AMRO,YF (Yellow fever) vaccine,2009.0,22.857142857142858
AMRO,YF (Yellow fever) vaccine,2010.0,22.857142857142858
AMRO,YF (Yellow fever) vaccine,2011.0,25.71428571428571
AMRO,YF (Yellow fever) vaccine,2012.0,25.71428571428571
AMRO,YF (Yellow fever) vaccine,2013.0,25.71428571428571
AMRO,YF (Yellow fever) vaccine,2014.0,25.71428571428571
AMRO,YF (Yellow fever) vaccine,2015.0,25.71428571428571
AMRO,YF (Yellow fever) vaccine,2016.0,25.71428571428571
AMRO,YF (Yellow fever) vaccine,2017.0,28.57142857142857
AMRO,YF (Yellow fever) vaccine,2018.0,28.57142857142857
AMRO,YF (Yellow fever) vaccine,2019.0,28.57142857142857
AMRO,YF (Yellow fever) vaccine,2020.0,28.57142857142857
AMRO,YF (Yellow fever) vaccine,2021.0,28.57142857142857
AMRO,YF (Yellow fever) vaccine,2022.0,28.57142857142857
AMRO,YF (Yellow fever) vaccine,2023.0,28.57142857142857
AMRO,aP (acellular pertussis) vaccine,2001.0,0.0
AMRO,aP (acellular pertussis) vaccine,2002.0,0.0
AMRO,aP (acellular pertussis) vaccine,2003.0,0.0
AMRO,aP (acellular pertussis) vaccine,2004.0,0.0
AMRO,aP (acellular pertussis) vaccine,2005.0,0.0
AMRO,aP (acellular pertussis) vaccine,2006.0,5.714285714285714
AMRO,aP (acellular pertussis) vaccine,2007.0,8.571428571428571
AMRO,aP (acellular pertussis) vaccine,2008.0,8.571428571428571
AMRO,aP (acellular pertussis) vaccine,2009.0,11.428571428571429
AMRO,aP (acellular pertussis) vaccine,2010.0,11.428571428571429
AMRO,aP (acellular pertussis) vaccine,2011.0,11.428571428571429
AMRO,aP (acellular pertussis) vaccine,2012.0,20.0
AMRO,aP (acellular pertussis) vaccine,2013.0,28.57142857142857
AMRO,aP (acellular pertussis) vaccine,2014.0,37.142857142857146
AMRO,aP (acellular pertussis) vaccine,2015.0,40.0
AMRO,aP (acellular pertussis) vaccine,2016.0,40.0
AMRO,aP (acellular pertussis) vaccine,2017.0,40.0
AMRO,aP (acellular pertussis) vaccine,2018.0,42.857142857142854
AMRO,aP (acellular pertussis) vaccine,2019.0,42.857142857142854
AMRO,aP (acellular pertussis) vaccine,2020.0,42.857142857142854
AMRO,aP (acellular pertussis) vaccine,2021.0,42.857142857142854
AMRO,aP (acellular pertussis) vaccine,2022.0,45.714285714285715
AMRO,aP (acellular pertussis) vaccine,2023.0,45.714285714285715
EMRO,HPV (Human Papilloma Virus) vaccine,2006.0,0.0
EMRO,HPV (Human Papilloma Virus) vaccine,2007.0,0.0
EMRO,HPV (Human Papilloma Virus) vaccine,2008.0,0.0
EMRO,HPV (Human Papilloma Virus) vaccine,2009.0,0.0
EMRO,HPV (Human Papilloma Virus) vaccine,2010.0,0.0
EMRO,HPV (Human Papilloma Virus) vaccine,2011.0,0.0
EMRO,HPV (Human Papilloma Virus) vaccine,2012.0,0.0
EMRO,HPV (Human Papilloma Virus) vaccine,2013.0,4.761904761904762
EMRO,HPV (Human Papilloma Virus) vaccine,2014.0,4.761904761904762
EMRO,HPV (Human Papilloma Virus) vaccine,2015.0,4.761904761904762
EMRO,HPV (Human Papilloma Virus) vaccine,2016.0,4.761904761904762
EMRO,HPV (Human Papilloma Virus) vaccine,2017.0,4.761904761904762
EMRO,HPV (Human Papilloma Virus) vaccine,2018.0,9.523809523809524
EMRO,HPV (Human Papilloma Virus) vaccine,2019.0,9.523809523809524
EMRO,HPV (Human Papilloma Virus) vaccine,2020.0,9.523809523809524
EMRO,HPV (Human Papilloma Virus) vaccine,2021.0,9.523809523809524
EMRO,HPV (Human Papilloma Virus) vaccine,2022.0,14.285714285714285
EMRO,HPV (Human Papilloma Virus) vaccine,2023.0,23.809523809523807
EMRO,HepB birth dose,1989.0,4.761904761904762
EMRO,HepB birth dose,1990.0,4.761904761904762
EMRO,HepB birth dose,1991.0,4.761904761904762
EMRO,HepB birth dose,1992.0,4.761904761904762
EMRO,HepB birth dose,1993.0,4.761904761904762
EMRO,HepB birth dose,1994.0,4.761904761904762
EMRO,HepB birth dose,1995.0,9.523809523809524
EMRO,HepB birth dose,1996.0,9.523809523809524
EMRO,HepB birth dose,1997.0,9.523809523809524
EMRO,HepB birth dose,1998.0,28.57142857142857
EMRO,HepB birth dose,1999.0,33.33333333333333
EMRO,HepB birth dose,2000.0,38.095238095238095
EMRO,HepB birth dose,2001.0,38.095238095238095
EMRO,HepB birth dose,2002.0,38.095238095238095
EMRO,HepB birth dose,2003.0,42.857142857142854
EMRO,HepB birth dose,2004.0,47.61904761904761
EMRO,HepB birth dose,2005.0,47.61904761904761
EMRO,HepB birth dose,2006.0,52.38095238095239
EMRO,HepB birth dose,2007.0,52.38095238095239
EMRO,HepB birth dose,2008.0,52.38095238095239
EMRO,HepB birth dose,2009.0,52.38095238095239
EMRO,HepB birth dose,2010.0,57.14285714285714
EMRO,HepB birth dose,2011.0,61.904761904761905
EMRO,HepB birth dose,2012.0,61.904761904761905
EMRO,HepB birth dose,2013.0,61.904761904761905
EMRO,HepB birth dose,2014.0,66.66666666666666
EMRO,HepB birth dose,2015.0,76.19047619047619
EMRO,HepB birth dose,2016.0,76.19047619047619
EMRO,HepB birth dose,2017.0,76.19047619047619
EMRO,HepB birth dose,2018.0,76.19047619047619
EMRO,HepB birth dose,2019.0,76.19047619047619
EMRO,HepB birth dose,2020.0,76.19047619047619
EMRO,HepB birth dose,2021.0,76.19047619047619
EMRO,HepB birth dose,2022.0,76.19047619047619
EMRO,HepB birth dose,2023.0,76.19047619047619
EMRO,Hepatitis A vaccine,2002.0,0.0
EMRO,Hepatitis A vaccine,2003.0,0.0
EMRO,Hepatitis A vaccine,2004.0,4.761904761904762
EMRO,Hepatitis A vaccine,2005.0,4.761904761904762
EMRO,Hepatitis A vaccine,2006.0,4.761904761904762
EMRO,Hepatitis A vaccine,2007.0,4.761904761904762
EMRO,Hepatitis A vaccine,2008.0,9.523809523809524
EMRO,Hepatitis A vaccine,2009.0,9.523809523809524
EMRO,Hepatitis A vaccine,2010.0,14.285714285714285
EMRO,Hepatitis A vaccine,2011.0,14.285714285714285
EMRO,Hepatitis A vaccine,2012.0,14.285714285714285
EMRO,Hepatitis A vaccine,2013.0,14.285714285714285
EMRO,Hepatitis A vaccine,2014.0,14.285714285714285
EMRO,Hepatitis A vaccine,2015.0,14.285714285714285
EMRO,Hepatitis A vaccine,2016.0,14.285714285714285
EMRO,Hepatitis A vaccine,2017.0,14.285714285714285
EMRO,Hepatitis A vaccine,2018.0,19.047619047619047
EMRO,Hepatitis A vaccine,2019.0,19.047619047619047
EMRO,Hepatitis A vaccine,2020.0,19.047619047619047
EMRO,Hepatitis A vaccine,2021.0,19.047619047619047
EMRO,Hepatitis A vaccine,2022.0,19.047619047619047
EMRO,Hepatitis A vaccine,2023.0,23.809523809523807
EMRO,Hepatitis B vaccine,1982.0,0.0
EMRO,Hepatitis B vaccine,1983.0,0.0
EMRO,Hepatitis B vaccine,1984.0,0.0
EMRO,Hepatitis B vaccine,1985.0,9.523809523809524
EMRO,Hepatitis B vaccine,1986.0,9.523809523809524
EMRO,Hepatitis B vaccine,1987.0,9.523809523809524
EMRO,Hepatitis B vaccine,1988.0,9.523809523809524
EMRO,Hepatitis B vaccine,1989.0,19.047619047619047
EMRO,Hepatitis B vaccine,1990.0,33.33333333333333
EMRO,Hepatitis B vaccine,1991.0,38.095238095238095
EMRO,Hepatitis B vaccine,1992.0,42.857142857142854
EMRO,Hepatitis B vaccine,1993.0,52.38095238095239
EMRO,Hepatitis B vaccine,1994.0,52.38095238095239
EMRO,Hepatitis B vaccine,1995.0,57.14285714285714
EMRO,Hepatitis B vaccine,1996.0,57.14285714285714
EMRO,Hepatitis B vaccine,1997.0,57.14285714285714
EMRO,Hepatitis B vaccine,1998.0,61.904761904761905
EMRO,Hepatitis B vaccine,1999.0,71.42857142857143
EMRO,Hepatitis B vaccine,2000.0,76.19047619047619
EMRO,Hepatitis B vaccine,2001.0,76.19047619047619
EMRO,Hepatitis B vaccine,2002.0,80.95238095238095
EMRO,Hepatitis B vaccine,2003.0,80.95238095238095
EMRO,Hepatitis B vaccine,2004.0,85.71428571428571
EMRO,Hepatitis B vaccine,2005.0,85.71428571428571
EMRO,Hepatitis B vaccine,2006.0,90.47619047619048
EMRO,Hepatitis B vaccine,2007.0,95.23809523809523
EMRO,Hepatitis B vaccine,2008.0,95.23809523809523
EMRO,Hepatitis B vaccine,2009.0,95.23809523809523
EMRO,Hepatitis B vaccine,2010.0,95.23809523809523
EMRO,Hepatitis B vaccine,2011.0,95.23809523809523
EMRO,Hepatitis B vaccine,2012.0,95.23809523809523
EMRO,Hepatitis B vaccine,2013.0,100.0
EMRO,Hepatitis B vaccine,2014.0,100.0
EMRO,Hepatitis B vaccine,2015.0,100.0
EMRO,Hepatitis B vaccine,2016.0,100.0
EMRO,Hepatitis B vaccine,2017.0,100.0
EMRO,Hepatitis B vaccine,2018.0,100.0
EMRO,Hepatitis B vaccine,2019.0,100.0
EMRO,Hepatitis B vaccine,2020.0,100.0
EMRO,Hepatitis B vaccine,2021.0,100.0
EMRO,Hepatitis B vaccine,2022.0,100.0
EMRO,Hepatitis B vaccine,2023.0,100.0
EMRO,Hib (Haemophilus influenzae type B) vaccine,1986.0,0.0
EMRO,Hib (Haemophilus influenzae type B) vaccine,1987.0,0.0
EMRO,Hib (Haemophilus influenzae type B) vaccine,1988.0,0.0
EMRO,Hib (Haemophilus influenzae type B) vaccine,1989.0,0.0
EMRO,Hib (Haemophilus influenzae type B) vaccine,1990.0,0.0
EMRO,Hib (Haemophilus influenzae type B) vaccine,1991.0,0.0
EMRO,Hib (Haemophilus influenzae type B) vaccine,1992.0,0.0
EMRO,Hib (Haemophilus influenzae type B) vaccine,1993.0,0.0
EMRO,Hib (Haemophilus influenzae type B) vaccine,1994.0,0.0
EMRO,Hib (Haemophilus influenzae type B) vaccine,1995.0,0.0
EMRO,Hib (Haemophilus influenzae type B) vaccine,1996.0,4.761904761904762
EMRO,Hib (Haemophilus influenzae type B) vaccine,1997.0,4.761904761904762
EMRO,Hib (Haemophilus influenzae type B) vaccine,1998.0,14.285714285714285
EMRO,Hib (Haemophilus influenzae type B) vaccine,1999.0,19.047619047619047
EMRO,Hib (Haemophilus influenzae type B) vaccine,2000.0,19.047619047619047
EMRO,Hib (Haemophilus influenzae type B) vaccine,2001.0,33.33333333333333
EMRO,Hib (Haemophilus influenzae type B) vaccine,2002.0,38.095238095238095
EMRO,Hib (Haemophilus influenzae type B) vaccine,2003.0,42.857142857142854
EMRO,Hib (Haemophilus influenzae type B) vaccine,2004.0,42.857142857142854
EMRO,Hib (Haemophilus influenzae type B) vaccine,2005.0,47.61904761904761
EMRO,Hib (Haemophilus influenzae type B) vaccine,2006.0,47.61904761904761
EMRO,Hib (Haemophilus influenzae type B) vaccine,2007.0,61.904761904761905
EMRO,Hib (Haemophilus influenzae type B) vaccine,2008.0,66.66666666666666
EMRO,Hib (Haemophilus influenzae type B) vaccine,2009.0,76.19047619047619
EMRO,Hib (Haemophilus influenzae type B) vaccine,2010.0,76.19047619047619
EMRO,Hib (Haemophilus influenzae type B) vaccine,2011.0,80.95238095238095
EMRO,Hib (Haemophilus influenzae type B) vaccine,2012.0,85.71428571428571
EMRO,Hib (Haemophilus influenzae type B) vaccine,2013.0,90.47619047619048
EMRO,Hib (Haemophilus influenzae type B) vaccine,2014.0,100.0
EMRO,Hib (Haemophilus influenzae type B) vaccine,2015.0,100.0
EMRO,Hib (Haemophilus influenzae type B) vaccine,2016.0,100.0
EMRO,Hib (Haemophilus influenzae type B) vaccine,2017.0,100.0
EMRO,Hib (Haemophilus influenzae type B) vaccine,2018.0,100.0
EMRO,Hib (Haemophilus influenzae type B) vaccine,2019.0,100.0
EMRO,Hib (Haemophilus influenzae type B) vaccine,2020.0,100.0
EMRO,Hib (Haemophilus influenzae type B) vaccine,2021.0,100.0
EMRO,Hib (Haemophilus influenzae type B) vaccine,2022.0,100.0
EMRO,Hib (Haemophilus influenzae type B) vaccine,2023.0,100.0
EMRO,IPV (Inactivated polio vaccine),1955.0,0.0
EMRO,IPV (Inactivated polio vaccine),1956.0,0.0
EMRO,IPV (Inactivated polio vaccine),1957.0,0.0
EMRO,IPV (Inactivated polio vaccine),1958.0,0.0
EMRO,IPV (Inactivated polio vaccine),1959.0,0.0
EMRO,IPV (Inactivated polio vaccine),1960.0,0.0
EMRO,IPV (Inactivated polio vaccine),1961.0,0.0
EMRO,IPV (Inactivated polio vaccine),1962.0,0.0
EMRO,IPV (Inactivated polio vaccine),1963.0,0.0
EMRO,IPV (Inactivated polio vaccine),1964.0,0.0
EMRO,IPV (Inactivated polio vaccine),1965.0,0.0
EMRO,IPV (Inactivated polio vaccine),1966.0,0.0
EMRO,IPV (Inactivated polio vaccine),1967.0,0.0
EMRO,IPV (Inactivated polio vaccine),1968.0,0.0
EMRO,IPV (Inactivated polio vaccine),1969.0,0.0
EMRO,IPV (Inactivated polio vaccine),1970.0,0.0
EMRO,IPV (Inactivated polio vaccine),1971.0,0.0
EMRO,IPV (Inactivated polio vaccine),1972.0,0.0
EMRO,IPV (Inactivated polio vaccine),1973.0,0.0
EMRO,IPV (Inactivated polio vaccine),1974.0,0.0
EMRO,IPV (Inactivated polio vaccine),1975.0,0.0
EMRO,IPV (Inactivated polio vaccine),1976.0,0.0
EMRO,IPV (Inactivated polio vaccine),1977.0,0.0
EMRO,IPV (Inactivated polio vaccine),1978.0,0.0
EMRO,IPV (Inactivated polio vaccine),1979.0,0.0
EMRO,IPV (Inactivated polio vaccine),1980.0,0.0
EMRO,IPV (Inactivated polio vaccine),1981.0,0.0
EMRO,IPV (Inactivated polio vaccine),1982.0,0.0
EMRO,IPV (Inactivated polio vaccine),1983.0,0.0
EMRO,IPV (Inactivated polio vaccine),1984.0,0.0
EMRO,IPV (Inactivated polio vaccine),1985.0,0.0
EMRO,IPV (Inactivated polio vaccine),1986.0,0.0
EMRO,IPV (Inactivated polio vaccine),1987.0,0.0
EMRO,IPV (Inactivated polio vaccine),1988.0,0.0
EMRO,IPV (Inactivated polio vaccine),1989.0,0.0
EMRO,IPV (Inactivated polio vaccine),1990.0,0.0
EMRO,IPV (Inactivated polio vaccine),1991.0,0.0
EMRO,IPV (Inactivated polio vaccine),1992.0,0.0
EMRO,IPV (Inactivated polio vaccine),1993.0,0.0
EMRO,IPV (Inactivated polio vaccine),1994.0,0.0
EMRO,IPV (Inactivated polio vaccine),1995.0,0.0
EMRO,IPV (Inactivated polio vaccine),1996.0,0.0
EMRO,IPV (Inactivated polio vaccine),1997.0,0.0
EMRO,IPV (Inactivated polio vaccine),1998.0,0.0
EMRO,IPV (Inactivated polio vaccine),1999.0,0.0
EMRO,IPV (Inactivated polio vaccine),2000.0,0.0
EMRO,IPV (Inactivated polio vaccine),2001.0,0.0
EMRO,IPV (Inactivated polio vaccine),2002.0,0.0
EMRO,IPV (Inactivated polio vaccine),2003.0,0.0
EMRO,IPV (Inactivated polio vaccine),2004.0,0.0
EMRO,IPV (Inactivated polio vaccine),2005.0,4.761904761904762
EMRO,IPV (Inactivated polio vaccine),2006.0,4.761904761904762
EMRO,IPV (Inactivated polio vaccine),2007.0,4.761904761904762
EMRO,IPV (Inactivated polio vaccine),2008.0,19.047619047619047
EMRO,IPV (Inactivated polio vaccine),2009.0,19.047619047619047
EMRO,IPV (Inactivated polio vaccine),2010.0,38.095238095238095
EMRO,IPV (Inactivated polio vaccine),2011.0,38.095238095238095
EMRO,IPV (Inactivated polio vaccine),2012.0,42.857142857142854
EMRO,IPV (Inactivated polio vaccine),2013.0,42.857142857142854
EMRO,IPV (Inactivated polio vaccine),2014.0,52.38095238095239
EMRO,IPV (Inactivated polio vaccine),2015.0,85.71428571428571
EMRO,IPV (Inactivated polio vaccine),2016.0,95.23809523809523
EMRO,IPV (Inactivated polio vaccine),2017.0,95.23809523809523
EMRO,IPV (Inactivated polio vaccine),2018.0,100.0
EMRO,IPV (Inactivated polio vaccine),2019.0,100.0
EMRO,IPV (Inactivated polio vaccine),2020.0,100.0
EMRO,IPV (Inactivated polio vaccine),2021.0,100.0
EMRO,IPV (Inactivated polio vaccine),2022.0,100.0
EMRO,IPV (Inactivated polio vaccine),2023.0,100.0
EMRO,IPV (Inactivated polio vaccine) 2nd dose,1995.0,0.0
EMRO,IPV (Inactivated polio vaccine) 2nd dose,2002.0,0.0
EMRO,IPV (Inactivated polio vaccine) 2nd dose,2003.0,0.0
EMRO,IPV (Inactivated polio vaccine) 2nd dose,2004.0,0.0
EMRO,IPV (Inactivated polio vaccine) 2nd dose,2005.0,0.0
EMRO,IPV (Inactivated polio vaccine) 2nd dose,2006.0,4.761904761904762
EMRO,IPV (Inactivated polio vaccine) 2nd dose,2007.0,4.761904761904762
EMRO,IPV (Inactivated polio vaccine) 2nd dose,2008.0,9.523809523809524
EMRO,IPV (Inactivated polio vaccine) 2nd dose,2009.0,9.523809523809524
EMRO,IPV (Inactivated polio vaccine) 2nd dose,2010.0,9.523809523809524
EMRO,IPV (Inactivated polio vaccine) 2nd dose,2011.0,9.523809523809524
EMRO,IPV (Inactivated polio vaccine) 2nd dose,2012.0,9.523809523809524
EMRO,IPV (Inactivated polio vaccine) 2nd dose,2013.0,14.285714285714285
EMRO,IPV (Inactivated polio vaccine) 2nd dose,2014.0,19.047619047619047
EMRO,IPV (Inactivated polio vaccine) 2nd dose,2015.0,28.57142857142857
EMRO,IPV (Inactivated polio vaccine) 2nd dose,2016.0,42.857142857142854
EMRO,IPV (Inactivated polio vaccine) 2nd dose,2017.0,47.61904761904761
EMRO,IPV (Inactivated polio vaccine) 2nd dose,2018.0,47.61904761904761
EMRO,IPV (Inactivated polio vaccine) 2nd dose,2019.0,52.38095238095239
EMRO,IPV (Inactivated polio vaccine) 2nd dose,2020.0,57.14285714285714
EMRO,IPV (Inactivated polio vaccine) 2nd dose,2021.0,76.19047619047619
EMRO,IPV (Inactivated polio vaccine) 2nd dose,2022.0,80.95238095238095
EMRO,IPV (Inactivated polio vaccine) 2nd dose,2023.0,90.47619047619048
EMRO,Japanese Encephalitis,2001.0,0.0
EMRO,Japanese Encephalitis,2002.0,0.0
EMRO,Japanese Encephalitis,2003.0,0.0
EMRO,Japanese Encephalitis,2004.0,0.0
EMRO,Japanese Encephalitis,2005.0,0.0
EMRO,Japanese Encephalitis,2006.0,0.0
EMRO,Japanese Encephalitis,2007.0,0.0
EMRO,Japanese Encephalitis,2008.0,0.0
EMRO,Japanese Encephalitis,2009.0,0.0
EMRO,Japanese Encephalitis,2010.0,0.0
EMRO,Japanese Encephalitis,2011.0,0.0
EMRO,Japanese Encephalitis,2012.0,0.0
EMRO,Japanese Encephalitis,2013.0,0.0
EMRO,Japanese Encephalitis,2014.0,0.0
EMRO,Japanese Encephalitis,2015.0,0.0
EMRO,Japanese Encephalitis,2016.0,0.0
EMRO,Japanese Encephalitis,2017.0,0.0
EMRO,Japanese Encephalitis,2018.0,0.0
EMRO,Japanese Encephalitis,2019.0,0.0
EMRO,Japanese Encephalitis,2020.0,0.0
EMRO,Japanese Encephalitis,2021.0,0.0
EMRO,Japanese Encephalitis,2022.0,0.0
EMRO,Japanese Encephalitis,2023.0,0.0
EMRO,Malaria vaccine,2019.0,0.0
EMRO,Malaria vaccine,2020.0,0.0
EMRO,Malaria vaccine,2021.0,0.0
EMRO,Malaria vaccine,2022.0,0.0
EMRO,Malaria vaccine,2023.0,0.0
EMRO,Measles-containing vaccine 2nd dose,1963.0,4.761904761904762
EMRO,Measles-containing vaccine 2nd dose,1964.0,4.761904761904762
EMRO,Measles-containing vaccine 2nd dose,1965.0,4.761904761904762
EMRO,Measles-containing vaccine 2nd dose,1966.0,4.761904761904762
EMRO,Measles-containing vaccine 2nd dose,1967.0,4.761904761904762
EMRO,Measles-containing vaccine 2nd dose,1968.0,4.761904761904762
EMRO,Measles-containing vaccine 2nd dose,1969.0,4.761904761904762
EMRO,Measles-containing vaccine 2nd dose,1970.0,4.761904761904762
EMRO,Measles-containing vaccine 2nd dose,1971.0,4.761904761904762
EMRO,Measles-containing vaccine 2nd dose,1972.0,4.761904761904762
EMRO,Measles-containing vaccine 2nd dose,1973.0,4.761904761904762
EMRO,Measles-containing vaccine 2nd dose,1974.0,4.761904761904762
EMRO,Measles-containing vaccine 2nd dose,1975.0,4.761904761904762
EMRO,Measles-containing vaccine 2nd dose,1976.0,4.761904761904762
EMRO,Measles-containing vaccine 2nd dose,1977.0,4.761904761904762
EMRO,Measles-containing vaccine 2nd dose,1978.0,4.761904761904762
EMRO,Measles-containing vaccine 2nd dose,1979.0,4.761904761904762
EMRO,Measles-containing vaccine 2nd dose,1980.0,4.761904761904762
EMRO,Measles-containing vaccine 2nd dose,1981.0,9.523809523809524
EMRO,Measles-containing vaccine 2nd dose,1982.0,9.523809523809524
EMRO,Measles-containing vaccine 2nd dose,1983.0,9.523809523809524
EMRO,Measles-containing vaccine 2nd dose,1984.0,9.523809523809524
EMRO,Measles-containing vaccine 2nd dose,1985.0,14.285714285714285
EMRO,Measles-containing vaccine 2nd dose,1986.0,14.285714285714285
EMRO,Measles-containing vaccine 2nd dose,1987.0,14.285714285714285
EMRO,Measles-containing vaccine 2nd dose,1988.0,14.285714285714285
EMRO,Measles-containing vaccine 2nd dose,1989.0,19.047619047619047
EMRO,Measles-containing vaccine 2nd dose,1990.0,19.047619047619047
EMRO,Measles-containing vaccine 2nd dose,1991.0,23.809523809523807
EMRO,Measles-containing vaccine 2nd dose,1992.0,23.809523809523807
EMRO,Measles-containing vaccine 2nd dose,1993.0,28.57142857142857
EMRO,Measles-containing vaccine 2nd dose,1994.0,33.33333333333333
EMRO,Measles-containing vaccine 2nd dose,1995.0,52.38095238095239
EMRO,Measles-containing vaccine 2nd dose,1996.0,61.904761904761905
EMRO,Measles-containing vaccine 2nd dose,1997.0,61.904761904761905
EMRO,Measles-containing vaccine 2nd dose,1998.0,61.904761904761905
EMRO,Measles-containing vaccine 2nd dose,1999.0,66.66666666666666
EMRO,Measles-containing vaccine 2nd dose,2000.0,66.66666666666666
EMRO,Measles-containing vaccine 2nd dose,2001.0,66.66666666666666
EMRO,Measles-containing vaccine 2nd dose,2002.0,66.66666666666666
EMRO,Measles-containing vaccine 2nd dose,2003.0,66.66666666666666
EMRO,Measles-containing vaccine 2nd dose,2004.0,76.19047619047619
EMRO,Measles-containing vaccine 2nd dose,2005.0,76.19047619047619
EMRO,Measles-containing vaccine 2nd dose,2006.0,76.19047619047619
EMRO,Measles-containing vaccine 2nd dose,2007.0,76.19047619047619
EMRO,Measles-containing vaccine 2nd dose,2008.0,76.19047619047619
EMRO,Measles-containing vaccine 2nd dose,2009.0,80.95238095238095
EMRO,Measles-containing vaccine 2nd dose,2010.0,80.95238095238095
EMRO,Measles-containing vaccine 2nd dose,2011.0,85.71428571428571
EMRO,Measles-containing vaccine 2nd dose,2012.0,90.47619047619048
EMRO,Measles-containing vaccine 2nd dose,2013.0,90.47619047619048
EMRO,Measles-containing vaccine 2nd dose,2014.0,95.23809523809523
EMRO,Measles-containing vaccine 2nd dose,2015.0,95.23809523809523
EMRO,Measles-containing vaccine 2nd dose,2016.0,95.23809523809523
EMRO,Measles-containing vaccine 2nd dose,2017.0,95.23809523809523
EMRO,Measles-containing vaccine 2nd dose,2018.0,95.23809523809523
EMRO,Measles-containing vaccine 2nd dose,2019.0,95.23809523809523
EMRO,Measles-containing vaccine 2nd dose,2020.0,95.23809523809523
EMRO,Measles-containing vaccine 2nd dose,2021.0,95.23809523809523
EMRO,Measles-containing vaccine 2nd dose,2022.0,100.0
EMRO,Measles-containing vaccine 2nd dose,2023.0,100.0
EMRO,Meningococcal meningitis vaccines (all strains),1999.0,0.0
EMRO,Meningococcal meningitis vaccines (all strains),2000.0,0.0
EMRO,Meningococcal meningitis vaccines (all strains),2001.0,0.0
EMRO,Meningococcal meningitis vaccines (all strains),2002.0,0.0
EMRO,Meningococcal meningitis vaccines (all strains),2003.0,0.0
EMRO,Meningococcal meningitis vaccines (all strains),2004.0,9.523809523809524
EMRO,Meningococcal meningitis vaccines (all strains),2005.0,9.523809523809524
EMRO,Meningococcal meningitis vaccines (all strains),2006.0,14.285714285714285
EMRO,Meningococcal meningitis vaccines (all strains),2007.0,9.523809523809524
EMRO,Meningococcal meningitis vaccines (all strains),2008.0,14.285714285714285
EMRO,Meningococcal meningitis vaccines (all strains),2009.0,19.047619047619047
EMRO,Meningococcal meningitis vaccines (all strains),2010.0,23.809523809523807
EMRO,Meningococcal meningitis vaccines (all strains),2011.0,23.809523809523807
EMRO,Meningococcal meningitis vaccines (all strains),2012.0,23.809523809523807
EMRO,Meningococcal meningitis vaccines (all strains),2013.0,28.57142857142857
EMRO,Meningococcal meningitis vaccines (all strains),2014.0,28.57142857142857
EMRO,Meningococcal meningitis vaccines (all strains),2015.0,28.57142857142857
EMRO,Meningococcal meningitis vaccines (all strains),2016.0,33.33333333333333
EMRO,Meningococcal meningitis vaccines (all strains),2017.0,33.33333333333333
EMRO,Meningococcal meningitis vaccines (all strains),2018.0,33.33333333333333
EMRO,Meningococcal meningitis vaccines (all strains),2019.0,38.095238095238095
EMRO,Meningococcal meningitis vaccines (all strains),2020.0,38.095238095238095
EMRO,Meningococcal meningitis vaccines (all strains),2021.0,38.095238095238095
EMRO,Meningococcal meningitis vaccines (all strains),2022.0,33.33333333333333
EMRO,Meningococcal meningitis vaccines (all strains),2023.0,33.33333333333333
EMRO,Mumps vaccine,1969.0,0.0
EMRO,Mumps vaccine,1970.0,0.0
EMRO,Mumps vaccine,1971.0,0.0
EMRO,Mumps vaccine,1972.0,0.0
EMRO,Mumps vaccine,1973.0,0.0
EMRO,Mumps vaccine,1974.0,0.0
EMRO,Mumps vaccine,1975.0,0.0
EMRO,Mumps vaccine,1976.0,0.0
EMRO,Mumps vaccine,1977.0,0.0
EMRO,Mumps vaccine,1978.0,0.0
EMRO,Mumps vaccine,1979.0,0.0
EMRO,Mumps vaccine,1980.0,0.0
EMRO,Mumps vaccine,1981.0,0.0
EMRO,Mumps vaccine,1982.0,0.0
EMRO,Mumps vaccine,1983.0,0.0
EMRO,Mumps vaccine,1984.0,0.0
EMRO,Mumps vaccine,1985.0,0.0
EMRO,Mumps vaccine,1986.0,0.0
EMRO,Mumps vaccine,1987.0,0.0
EMRO,Mumps vaccine,1988.0,0.0
EMRO,Mumps vaccine,1989.0,0.0
EMRO,Mumps vaccine,1990.0,0.0
EMRO,Mumps vaccine,1991.0,0.0
EMRO,Mumps vaccine,1992.0,0.0
EMRO,Mumps vaccine,1993.0,0.0
EMRO,Mumps vaccine,1994.0,0.0
EMRO,Mumps vaccine,1995.0,0.0
EMRO,Mumps vaccine,1996.0,38.095238095238095
EMRO,Mumps vaccine,1997.0,38.095238095238095
EMRO,Mumps vaccine,1998.0,42.857142857142854
EMRO,Mumps vaccine,1999.0,47.61904761904761
EMRO,Mumps vaccine,2000.0,47.61904761904761
EMRO,Mumps vaccine,2001.0,52.38095238095239
EMRO,Mumps vaccine,2002.0,57.14285714285714
EMRO,Mumps vaccine,2003.0,57.14285714285714
EMRO,Mumps vaccine,2004.0,61.904761904761905
EMRO,Mumps vaccine,2005.0,61.904761904761905
EMRO,Mumps vaccine,2006.0,61.904761904761905
EMRO,Mumps vaccine,2007.0,61.904761904761905
EMRO,Mumps vaccine,2008.0,61.904761904761905
EMRO,Mumps vaccine,2009.0,61.904761904761905
EMRO,Mumps vaccine,2010.0,61.904761904761905
EMRO,Mumps vaccine,2011.0,61.904761904761905
EMRO,Mumps vaccine,2012.0,61.904761904761905
EMRO,Mumps vaccine,2013.0,61.904761904761905
EMRO,Mumps vaccine,2014.0,61.904761904761905
EMRO,Mumps vaccine,2015.0,61.904761904761905
EMRO,Mumps vaccine,2016.0,61.904761904761905
EMRO,Mumps vaccine,2017.0,61.904761904761905
EMRO,Mumps vaccine,2018.0,61.904761904761905
EMRO,Mumps vaccine,2019.0,61.904761904761905
EMRO,Mumps vaccine,2020.0,61.904761904761905
EMRO,Mumps vaccine,2021.0,61.904761904761905
EMRO,Mumps vaccine,2022.0,61.904761904761905
EMRO,Mumps vaccine,2023.0,61.904761904761905
EMRO,PCV (Pneumococcal conjugate vaccine),2000.0,0.0
EMRO,PCV (Pneumococcal conjugate vaccine),2001.0,0.0
EMRO,PCV (Pneumococcal conjugate vaccine),2002.0,0.0
EMRO,PCV (Pneumococcal conjugate vaccine),2003.0,0.0
EMRO,PCV (Pneumococcal conjugate vaccine),2004.0,0.0
EMRO,PCV (Pneumococcal conjugate vaccine),2005.0,4.761904761904762
EMRO,PCV (Pneumococcal conjugate vaccine),2006.0,4.761904761904762
EMRO,PCV (Pneumococcal conjugate vaccine),2007.0,14.285714285714285
EMRO,PCV (Pneumococcal conjugate vaccine),2008.0,23.809523809523807
EMRO,PCV (Pneumococcal conjugate vaccine),2009.0,28.57142857142857
EMRO,PCV (Pneumococcal conjugate vaccine),2010.0,33.33333333333333
EMRO,PCV (Pneumococcal conjugate vaccine),2011.0,38.095238095238095
EMRO,PCV (Pneumococcal conjugate vaccine),2012.0,42.857142857142854
EMRO,PCV (Pneumococcal conjugate vaccine),2013.0,52.38095238095239
EMRO,PCV (Pneumococcal conjugate vaccine),2014.0,61.904761904761905
EMRO,PCV (Pneumococcal conjugate vaccine),2015.0,66.66666666666666
EMRO,PCV (Pneumococcal conjugate vaccine),2016.0,66.66666666666666
EMRO,PCV (Pneumococcal conjugate vaccine),2017.0,71.42857142857143
EMRO,PCV (Pneumococcal conjugate vaccine),2018.0,71.42857142857143
EMRO,PCV (Pneumococcal conjugate vaccine),2019.0,76.19047619047619
EMRO,PCV (Pneumococcal conjugate vaccine),2020.0,71.42857142857143
EMRO,PCV (Pneumococcal conjugate vaccine),2021.0,71.42857142857143
EMRO,PCV (Pneumococcal conjugate vaccine),2022.0,71.42857142857143
EMRO,PCV (Pneumococcal conjugate vaccine),2023.0,76.19047619047619
EMRO,PPV (Pneumococcal polysaccharide vaccine),1999.0,0.0
EMRO,PPV (Pneumococcal polysaccharide vaccine),2000.0,0.0
EMRO,PPV (Pneumococcal polysaccharide vaccine),2001.0,0.0
EMRO,PPV (Pneumococcal polysaccharide vaccine),2002.0,4.761904761904762
EMRO,PPV (Pneumococcal polysaccharide vaccine),2003.0,4.761904761904762
EMRO,PPV (Pneumococcal polysaccharide vaccine),2004.0,4.761904761904762
EMRO,PPV (Pneumococcal polysaccharide vaccine),2005.0,4.761904761904762
EMRO,PPV (Pneumococcal polysaccharide vaccine),2006.0,4.761904761904762
EMRO,PPV (Pneumococcal polysaccharide vaccine),2007.0,4.761904761904762
EMRO,PPV (Pneumococcal polysaccharide vaccine),2008.0,4.761904761904762
EMRO,PPV (Pneumococcal polysaccharide vaccine),2009.0,4.761904761904762
EMRO,PPV (Pneumococcal polysaccharide vaccine),2010.0,4.761904761904762
EMRO,PPV (Pneumococcal polysaccharide vaccine),2011.0,4.761904761904762
EMRO,PPV (Pneumococcal polysaccharide vaccine),2012.0,4.761904761904762
EMRO,PPV (Pneumococcal polysaccharide vaccine),2013.0,4.761904761904762
EMRO,PPV (Pneumococcal polysaccharide vaccine),2014.0,4.761904761904762
EMRO,PPV (Pneumococcal polysaccharide vaccine),2015.0,4.761904761904762
EMRO,PPV (Pneumococcal polysaccharide vaccine),2016.0,4.761904761904762
EMRO,PPV (Pneumococcal polysaccharide vaccine),2017.0,4.761904761904762
EMRO,PPV (Pneumococcal polysaccharide vaccine),2018.0,4.761904761904762
EMRO,PPV (Pneumococcal polysaccharide vaccine),2019.0,4.761904761904762
EMRO,PPV (Pneumococcal polysaccharide vaccine),2020.0,4.761904761904762
EMRO,PPV (Pneumococcal polysaccharide vaccine),2021.0,4.761904761904762
EMRO,PPV (Pneumococcal polysaccharide vaccine),2022.0,4.761904761904762
EMRO,PPV (Pneumococcal polysaccharide vaccine),2023.0,4.761904761904762
EMRO,Rotavirus vaccine,2006.0,0.0
EMRO,Rotavirus vaccine,2007.0,0.0
EMRO,Rotavirus vaccine,2008.0,4.761904761904762
EMRO,Rotavirus vaccine,2009.0,9.523809523809524
EMRO,Rotavirus vaccine,2010.0,14.285714285714285
EMRO,Rotavirus vaccine,2011.0,19.047619047619047
EMRO,Rotavirus vaccine,2012.0,28.57142857142857
EMRO,Rotavirus vaccine,2013.0,38.095238095238095
EMRO,Rotavirus vaccine,2014.0,47.61904761904761
EMRO,Rotavirus vaccine,2015.0,52.38095238095239
EMRO,Rotavirus vaccine,2016.0,52.38095238095239
EMRO,Rotavirus vaccine,2017.0,57.14285714285714
EMRO,Rotavirus vaccine,2018.0,66.66666666666666
EMRO,Rotavirus vaccine,2019.0,66.66666666666666
EMRO,Rotavirus vaccine,2020.0,66.66666666666666
EMRO,Rotavirus vaccine,2021.0,66.66666666666666
EMRO,Rotavirus vaccine,2022.0,66.66666666666666
EMRO,Rotavirus vaccine,2023.0,71.42857142857143
EMRO,Rubella vaccine,1969.0,0.0
EMRO,Rubella vaccine,1970.0,0.0
EMRO,Rubella vaccine,1971.0,0.0
EMRO,Rubella vaccine,1972.0,0.0
EMRO,Rubella vaccine,1973.0,0.0
EMRO,Rubella vaccine,1974.0,0.0
EMRO,Rubella vaccine,1975.0,0.0
EMRO,Rubella vaccine,1976.0,0.0
EMRO,Rubella vaccine,1977.0,0.0
EMRO,Rubella vaccine,1978.0,0.0
EMRO,Rubella vaccine,1979.0,0.0
EMRO,Rubella vaccine,1980.0,0.0
EMRO,Rubella vaccine,1981.0,0.0
EMRO,Rubella vaccine,1982.0,4.761904761904762
EMRO,Rubella vaccine,1983.0,4.761904761904762
EMRO,Rubella vaccine,1984.0,4.761904761904762
EMRO,Rubella vaccine,1985.0,14.285714285714285
EMRO,Rubella vaccine,1986.0,14.285714285714285
EMRO,Rubella vaccine,1987.0,19.047619047619047
EMRO,Rubella vaccine,1988.0,19.047619047619047
EMRO,Rubella vaccine,1989.0,23.809523809523807
EMRO,Rubella vaccine,1990.0,23.809523809523807
EMRO,Rubella vaccine,1991.0,23.809523809523807
EMRO,Rubella vaccine,1992.0,28.57142857142857
EMRO,Rubella vaccine,1993.0,33.33333333333333
EMRO,Rubella vaccine,1994.0,38.095238095238095
EMRO,Rubella vaccine,1995.0,42.857142857142854
EMRO,Rubella vaccine,1996.0,42.857142857142854
EMRO,Rubella vaccine,1997.0,42.857142857142854
EMRO,Rubella vaccine,1998.0,42.857142857142854
EMRO,Rubella vaccine,1999.0,52.38095238095239
EMRO,Rubella vaccine,2000.0,57.14285714285714
EMRO,Rubella vaccine,2001.0,57.14285714285714
EMRO,Rubella vaccine,2002.0,57.14285714285714
EMRO,Rubella vaccine,2003.0,61.904761904761905
EMRO,Rubella vaccine,2004.0,66.66666666666666
EMRO,Rubella vaccine,2005.0,66.66666666666666
EMRO,Rubella vaccine,2006.0,66.66666666666666
EMRO,Rubella vaccine,2007.0,66.66666666666666
EMRO,Rubella vaccine,2008.0,61.904761904761905
EMRO,Rubella vaccine,2009.0,61.904761904761905
EMRO,Rubella vaccine,2010.0,61.904761904761905
EMRO,Rubella vaccine,2011.0,61.904761904761905
EMRO,Rubella vaccine,2012.0,66.66666666666666
EMRO,Rubella vaccine,2013.0,66.66666666666666
EMRO,Rubella vaccine,2014.0,71.42857142857143
EMRO,Rubella vaccine,2015.0,76.19047619047619
EMRO,Rubella vaccine,2016.0,76.19047619047619
EMRO,Rubella vaccine,2017.0,76.19047619047619
EMRO,Rubella vaccine,2018.0,76.19047619047619
EMRO,Rubella vaccine,2019.0,76.19047619047619
EMRO,Rubella vaccine,2020.0,76.19047619047619
EMRO,Rubella vaccine,2021.0,76.19047619047619
EMRO,Rubella vaccine,2022.0,80.95238095238095
EMRO,Rubella vaccine,2023.0,80.95238095238095
EMRO,Seasonal Influenza vaccine,1940.0,0.0
EMRO,Seasonal Influenza vaccine,1941.0,0.0
EMRO,Seasonal Influenza vaccine,1942.0,0.0
EMRO,Seasonal Influenza vaccine,1943.0,0.0
EMRO,Seasonal Influenza vaccine,1944.0,0.0
EMRO,Seasonal Influenza vaccine,1945.0,0.0
EMRO,Seasonal Influenza vaccine,1946.0,0.0
EMRO,Seasonal Influenza vaccine,1947.0,0.0
EMRO,Seasonal Influenza vaccine,1948.0,0.0
EMRO,Seasonal Influenza vaccine,1949.0,0.0
EMRO,Seasonal Influenza vaccine,1950.0,0.0
EMRO,Seasonal Influenza vaccine,1951.0,0.0
EMRO,Seasonal Influenza vaccine,1952.0,0.0
EMRO,Seasonal Influenza vaccine,1953.0,0.0
EMRO,Seasonal Influenza vaccine,1954.0,0.0
EMRO,Seasonal Influenza vaccine,1955.0,0.0
EMRO,Seasonal Influenza vaccine,1956.0,0.0
EMRO,Seasonal Influenza vaccine,1957.0,0.0
EMRO,Seasonal Influenza vaccine,1958.0,0.0
EMRO,Seasonal Influenza vaccine,1959.0,0.0
EMRO,Seasonal Influenza vaccine,1960.0,0.0
EMRO,Seasonal Influenza vaccine,1961.0,0.0
EMRO,Seasonal Influenza vaccine,1962.0,0.0
EMRO,Seasonal Influenza vaccine,1963.0,0.0
EMRO,Seasonal Influenza vaccine,1964.0,0.0
EMRO,Seasonal Influenza vaccine,1965.0,0.0
EMRO,Seasonal Influenza vaccine,1966.0,0.0
EMRO,Seasonal Influenza vaccine,1967.0,0.0
EMRO,Seasonal Influenza vaccine,1968.0,0.0
EMRO,Seasonal Influenza vaccine,1969.0,0.0
EMRO,Seasonal Influenza vaccine,1970.0,0.0
EMRO,Seasonal Influenza vaccine,1971.0,0.0
EMRO,Seasonal Influenza vaccine,1972.0,0.0
EMRO,Seasonal Influenza vaccine,1973.0,0.0
EMRO,Seasonal Influenza vaccine,1974.0,0.0
EMRO,Seasonal Influenza vaccine,1975.0,0.0
EMRO,Seasonal Influenza vaccine,1976.0,0.0
EMRO,Seasonal Influenza vaccine,1977.0,0.0
EMRO,Seasonal Influenza vaccine,1978.0,0.0
EMRO,Seasonal Influenza vaccine,1979.0,0.0
EMRO,Seasonal Influenza vaccine,1980.0,0.0
EMRO,Seasonal Influenza vaccine,1981.0,0.0
EMRO,Seasonal Influenza vaccine,1982.0,0.0
EMRO,Seasonal Influenza vaccine,1983.0,0.0
EMRO,Seasonal Influenza vaccine,1984.0,0.0
EMRO,Seasonal Influenza vaccine,1985.0,0.0
EMRO,Seasonal Influenza vaccine,1986.0,0.0
EMRO,Seasonal Influenza vaccine,1987.0,0.0
EMRO,Seasonal Influenza vaccine,1988.0,0.0
EMRO,Seasonal Influenza vaccine,1989.0,0.0
EMRO,Seasonal Influenza vaccine,1990.0,0.0
EMRO,Seasonal Influenza vaccine,1991.0,0.0
EMRO,Seasonal Influenza vaccine,1992.0,0.0
EMRO,Seasonal Influenza vaccine,1993.0,0.0
EMRO,Seasonal Influenza vaccine,1994.0,0.0
EMRO,Seasonal Influenza vaccine,1995.0,0.0
EMRO,Seasonal Influenza vaccine,1996.0,0.0
EMRO,Seasonal Influenza vaccine,1997.0,0.0
EMRO,Seasonal Influenza vaccine,1998.0,0.0
EMRO,Seasonal Influenza vaccine,1999.0,4.761904761904762
EMRO,Seasonal Influenza vaccine,2000.0,9.523809523809524
EMRO,Seasonal Influenza vaccine,2001.0,9.523809523809524
EMRO,Seasonal Influenza vaccine,2002.0,14.285714285714285
EMRO,Seasonal Influenza vaccine,2003.0,19.047619047619047
EMRO,Seasonal Influenza vaccine,2004.0,23.809523809523807
EMRO,Seasonal Influenza vaccine,2005.0,28.57142857142857
EMRO,Seasonal Influenza vaccine,2006.0,33.33333333333333
EMRO,Seasonal Influenza vaccine,2007.0,38.095238095238095
EMRO,Seasonal Influenza vaccine,2008.0,47.61904761904761
EMRO,Seasonal Influenza vaccine,2009.0,52.38095238095239
EMRO,Seasonal Influenza vaccine,2010.0,52.38095238095239
EMRO,Seasonal Influenza vaccine,2011.0,52.38095238095239
EMRO,Seasonal Influenza vaccine,2012.0,52.38095238095239
EMRO,Seasonal Influenza vaccine,2013.0,52.38095238095239
EMRO,Seasonal Influenza vaccine,2014.0,61.904761904761905
EMRO,Seasonal Influenza vaccine,2015.0,61.904761904761905
EMRO,Seasonal Influenza vaccine,2016.0,66.66666666666666
EMRO,Seasonal Influenza vaccine,2017.0,66.66666666666666
EMRO,Seasonal Influenza vaccine,2018.0,66.66666666666666
EMRO,Seasonal Influenza vaccine,2019.0,66.66666666666666
EMRO,Seasonal Influenza vaccine,2020.0,66.66666666666666
EMRO,Seasonal Influenza vaccine,2021.0,66.66666666666666
EMRO,Seasonal Influenza vaccine,2022.0,66.66666666666666
EMRO,Seasonal Influenza vaccine,2023.0,71.42857142857143
EMRO,Typhoid,2002.0,0.0
EMRO,Typhoid,2003.0,0.0
EMRO,Typhoid,2004.0,0.0
EMRO,Typhoid,2005.0,0.0
EMRO,Typhoid,2006.0,0.0
EMRO,Typhoid,2007.0,0.0
EMRO,Typhoid,2008.0,0.0
EMRO,Typhoid,2009.0,0.0
EMRO,Typhoid,2010.0,0.0
EMRO,Typhoid,2011.0,0.0
EMRO,Typhoid,2012.0,0.0
EMRO,Typhoid,2013.0,0.0
EMRO,Typhoid,2014.0,0.0
EMRO,Typhoid,2015.0,0.0
EMRO,Typhoid,2016.0,0.0
EMRO,Typhoid,2017.0,0.0
EMRO,Typhoid,2018.0,0.0
EMRO,Typhoid,2019.0,0.0
EMRO,Typhoid,2020.0,0.0
EMRO,Typhoid,2021.0,0.0
EMRO,Typhoid,2022.0,0.0
EMRO,Typhoid,2023.0,4.761904761904762
EMRO,Varicella vaccine,2001.0,0.0
EMRO,Varicella vaccine,2002.0,0.0
EMRO,Varicella vaccine,2003.0,0.0
EMRO,Varicella vaccine,2004.0,0.0
EMRO,Varicella vaccine,2005.0,0.0
EMRO,Varicella vaccine,2006.0,4.761904761904762
EMRO,Varicella vaccine,2007.0,9.523809523809524
EMRO,Varicella vaccine,2008.0,9.523809523809524
EMRO,Varicella vaccine,2009.0,9.523809523809524
EMRO,Varicella vaccine,2010.0,14.285714285714285
EMRO,Varicella vaccine,2011.0,14.285714285714285
EMRO,Varicella vaccine,2012.0,19.047619047619047
EMRO,Varicella vaccine,2013.0,19.047619047619047
EMRO,Varicella vaccine,2014.0,19.047619047619047
EMRO,Varicella vaccine,2015.0,23.809523809523807
EMRO,Varicella vaccine,2016.0,28.57142857142857
EMRO,Varicella vaccine,2017.0,28.57142857142857
EMRO,Varicella vaccine,2018.0,28.57142857142857
EMRO,Varicella vaccine,2019.0,28.57142857142857
EMRO,Varicella vaccine,2020.0,28.57142857142857
EMRO,Varicella vaccine,2021.0,28.57142857142857
EMRO,Varicella vaccine,2022.0,28.57142857142857
EMRO,Varicella vaccine,2023.0,28.57142857142857
EMRO,YF (Yellow fever) vaccine,1967.0,0.0
EMRO,YF (Yellow fever) vaccine,1968.0,0.0
EMRO,YF (Yellow fever) vaccine,1969.0,0.0
EMRO,YF (Yellow fever) vaccine,1970.0,0.0
EMRO,YF (Yellow fever) vaccine,1971.0,0.0
EMRO,YF (Yellow fever) vaccine,1972.0,0.0
EMRO,YF (Yellow fever) vaccine,1973.0,0.0
EMRO,YF (Yellow fever) vaccine,1974.0,0.0
EMRO,YF (Yellow fever) vaccine,1975.0,0.0
EMRO,YF (Yellow fever) vaccine,1976.0,0.0
EMRO,YF (Yellow fever) vaccine,1977.0,0.0
EMRO,YF (Yellow fever) vaccine,1978.0,0.0
EMRO,YF (Yellow fever) vaccine,1979.0,0.0
EMRO,YF (Yellow fever) vaccine,1980.0,0.0
EMRO,YF (Yellow fever) vaccine,1981.0,0.0
EMRO,YF (Yellow fever) vaccine,1982.0,0.0
EMRO,YF (Yellow fever) vaccine,1983.0,0.0
EMRO,YF (Yellow fever) vaccine,1984.0,0.0
EMRO,YF (Yellow fever) vaccine,1985.0,0.0
EMRO,YF (Yellow fever) vaccine,1986.0,0.0
EMRO,YF (Yellow fever) vaccine,1987.0,0.0
EMRO,YF (Yellow fever) vaccine,1988.0,0.0
EMRO,YF (Yellow fever) vaccine,1989.0,0.0
EMRO,YF (Yellow fever) vaccine,1990.0,0.0
EMRO,YF (Yellow fever) vaccine,1991.0,0.0
EMRO,YF (Yellow fever) vaccine,1992.0,0.0
EMRO,YF (Yellow fever) vaccine,1993.0,0.0
EMRO,YF (Yellow fever) vaccine,1994.0,0.0
EMRO,YF (Yellow fever) vaccine,1995.0,0.0
EMRO,YF (Yellow fever) vaccine,1996.0,0.0
EMRO,YF (Yellow fever) vaccine,1997.0,0.0
EMRO,YF (Yellow fever) vaccine,1998.0,0.0
EMRO,YF (Yellow fever) vaccine,1999.0,0.0
EMRO,YF (Yellow fever) vaccine,2000.0,0.0
EMRO,YF (Yellow fever) vaccine,2001.0,0.0
EMRO,YF (Yellow fever) vaccine,2002.0,0.0
EMRO,YF (Yellow fever) vaccine,2003.0,0.0
EMRO,YF (Yellow fever) vaccine,2004.0,0.0
EMRO,YF (Yellow fever) vaccine,2005.0,0.0
EMRO,YF (Yellow fever) vaccine,2006.0,0.0
EMRO,YF (Yellow fever) vaccine,2007.0,0.0
EMRO,YF (Yellow fever) vaccine,2008.0,0.0
EMRO,YF (Yellow fever) vaccine,2009.0,0.0
EMRO,YF (Yellow fever) vaccine,2010.0,0.0
EMRO,YF (Yellow fever) vaccine,2011.0,0.0
EMRO,YF (Yellow fever) vaccine,2012.0,0.0
EMRO,YF (Yellow fever) vaccine,2013.0,0.0
EMRO,YF (Yellow fever) vaccine,2014.0,0.0
EMRO,YF (Yellow fever) vaccine,2015.0,0.0
EMRO,YF (Yellow fever) vaccine,2016.0,0.0
EMRO,YF (Yellow fever) vaccine,2017.0,0.0
EMRO,YF (Yellow fever) vaccine,2018.0,0.0
EMRO,YF (Yellow fever) vaccine,2019.0,0.0
EMRO,YF (Yellow fever) vaccine,2020.0,0.0
EMRO,YF (Yellow fever) vaccine,2021.0,0.0
EMRO,YF (Yellow fever) vaccine,2022.0,0.0
EMRO,YF (Yellow fever) vaccine,2023.0,0.0
EMRO,aP (acellular pertussis) vaccine,2001.0,0.0
EMRO,aP (acellular pertussis) vaccine,2002.0,0.0
EMRO,aP (acellular pertussis) vaccine,2003.0,0.0
EMRO,aP (acellular pertussis) vaccine,2004.0,0.0
EMRO,aP (acellular pertussis) vaccine,2005.0,0.0
EMRO,aP (acellular pertussis) vaccine,2006.0,4.761904761904762
EMRO,aP (acellular pertussis) vaccine,2007.0,4.761904761904762
EMRO,aP (acellular pertussis) vaccine,2008.0,4.761904761904762
EMRO,aP (acellular pertussis) vaccine,2009.0,9.523809523809524
EMRO,aP (acellular pertussis) vaccine,2010.0,14.285714285714285
EMRO,aP (acellular pertussis) vaccine,2011.0,14.285714285714285
EMRO,aP (acellular pertussis) vaccine,2012.0,14.285714285714285
EMRO,aP (acellular pertussis) vaccine,2013.0,23.809523809523807
EMRO,aP (acellular pertussis) vaccine,2014.0,28.57142857142857
EMRO,aP (acellular pertussis) vaccine,2015.0,33.33333333333333
EMRO,aP (acellular pertussis) vaccine,2016.0,38.095238095238095
EMRO,aP (acellular pertussis) vaccine,2017.0,38.095238095238095
EMRO,aP (acellular pertussis) vaccine,2018.0,38.095238095238095
EMRO,aP (acellular pertussis) vaccine,2019.0,33.33333333333333
EMRO,aP (acellular pertussis) vaccine,2020.0,33.33333333333333
EMRO,aP (acellular pertussis) vaccine,2021.0,33.33333333333333
EMRO,aP (acellular pertussis) vaccine,2022.0,33.33333333333333
EMRO,aP (acellular pertussis) vaccine,2023.0,33.33333333333333
EURO,HPV (Human Papilloma Virus) vaccine,2006.0,5.660377358490567
EURO,HPV (Human Papilloma Virus) vaccine,2007.0,11.320754716981133
EURO,HPV (Human Papilloma Virus) vaccine,2008.0,18.867924528301888
EURO,HPV (Human Papilloma Virus) vaccine,2009.0,28.30188679245283
EURO,HPV (Human Papilloma Virus) vaccine,2010.0,37.735849056603776
EURO,HPV (Human Papilloma Virus) vaccine,2011.0,41.509433962264154
EURO,HPV (Human Papilloma Virus) vaccine,2012.0,43.39622641509434
EURO,HPV (Human Papilloma Virus) vaccine,2013.0,47.16981132075472
EURO,HPV (Human Papilloma Virus) vaccine,2014.0,52.83018867924528
EURO,HPV (Human Papilloma Virus) vaccine,2015.0,52.83018867924528
EURO,HPV (Human Papilloma Virus) vaccine,2016.0,60.37735849056604
EURO,HPV (Human Papilloma Virus) vaccine,2017.0,64.15094339622641
EURO,HPV (Human Papilloma Virus) vaccine,2018.0,66.0377358490566
EURO,HPV (Human Papilloma Virus) vaccine,2019.0,69.81132075471697
EURO,HPV (Human Papilloma Virus) vaccine,2020.0,69.81132075471697
EURO,HPV (Human Papilloma Virus) vaccine,2021.0,71.69811320754717
EURO,HPV (Human Papilloma Virus) vaccine,2022.0,79.24528301886792
EURO,HPV (Human Papilloma Virus) vaccine,2023.0,83.01886792452831
EURO,HepB birth dose,1989.0,0.0
EURO,HepB birth dose,1990.0,0.0
EURO,HepB birth dose,1991.0,0.0
EURO,HepB birth dose,1992.0,0.0
EURO,HepB birth dose,1993.0,0.0
EURO,HepB birth dose,1994.0,0.0
EURO,HepB birth dose,1995.0,0.0
EURO,HepB birth dose,1996.0,0.0
EURO,HepB birth dose,1997.0,0.0
EURO,HepB birth dose,1998.0,23.076923076923077
EURO,HepB birth dose,1999.0,25.0
EURO,HepB birth dose,2000.0,28.846153846153843
EURO,HepB birth dose,2001.0,34.61538461538461
EURO,HepB birth dose,2002.0,40.38461538461539
EURO,HepB birth dose,2003.0,46.15384615384615
EURO,HepB birth dose,2004.0,48.07692307692308
EURO,HepB birth dose,2005.0,48.07692307692308
EURO,HepB birth dose,2006.0,49.056603773584904
EURO,HepB birth dose,2007.0,49.056603773584904
EURO,HepB birth dose,2008.0,49.056603773584904
EURO,HepB birth dose,2009.0,49.056603773584904
EURO,HepB birth dose,2010.0,49.056603773584904
EURO,HepB birth dose,2011.0,49.056603773584904
EURO,HepB birth dose,2012.0,47.16981132075472
EURO,HepB birth dose,2013.0,47.16981132075472
EURO,HepB birth dose,2014.0,47.16981132075472
EURO,HepB birth dose,2015.0,47.16981132075472
EURO,HepB birth dose,2016.0,47.16981132075472
EURO,HepB birth dose,2017.0,47.16981132075472
EURO,HepB birth dose,2018.0,43.39622641509434
EURO,HepB birth dose,2019.0,43.39622641509434
EURO,HepB birth dose,2020.0,43.39622641509434
EURO,HepB birth dose,2021.0,43.39622641509434
EURO,HepB birth dose,2022.0,43.39622641509434
EURO,HepB birth dose,2023.0,43.39622641509434
EURO,Hepatitis A vaccine,2002.0,1.9230769230769231
EURO,Hepatitis A vaccine,2003.0,1.9230769230769231
EURO,Hepatitis A vaccine,2004.0,1.9230769230769231
EURO,Hepatitis A vaccine,2005.0,1.9230769230769231
EURO,Hepatitis A vaccine,2006.0,1.8867924528301887
EURO,Hepatitis A vaccine,2007.0,1.8867924528301887
EURO,Hepatitis A vaccine,2008.0,1.8867924528301887
EURO,Hepatitis A vaccine,2009.0,3.7735849056603774
EURO,Hepatitis A vaccine,2010.0,3.7735849056603774
EURO,Hepatitis A vaccine,2011.0,3.7735849056603774
EURO,Hepatitis A vaccine,2012.0,3.7735849056603774
EURO,Hepatitis A vaccine,2013.0,5.660377358490567
EURO,Hepatitis A vaccine,2014.0,5.660377358490567
EURO,Hepatitis A vaccine,2015.0,7.547169811320755
EURO,Hepatitis A vaccine,2016.0,7.547169811320755
EURO,Hepatitis A vaccine,2017.0,9.433962264150944
EURO,Hepatitis A vaccine,2018.0,9.433962264150944
EURO,Hepatitis A vaccine,2019.0,11.320754716981133
EURO,Hepatitis A vaccine,2020.0,13.20754716981132
EURO,Hepatitis A vaccine,2021.0,13.20754716981132
EURO,Hepatitis A vaccine,2022.0,13.20754716981132
EURO,Hepatitis A vaccine,2023.0,13.20754716981132
EURO,Hepatitis B vaccine,1982.0,3.4482758620689653
EURO,Hepatitis B vaccine,1983.0,3.4482758620689653
EURO,Hepatitis B vaccine,1984.0,3.4482758620689653
EURO,Hepatitis B vaccine,1985.0,3.4482758620689653
EURO,Hepatitis B vaccine,1986.0,3.4482758620689653
EURO,Hepatitis B vaccine,1987.0,3.4482758620689653
EURO,Hepatitis B vaccine,1988.0,3.4482758620689653
EURO,Hepatitis B vaccine,1989.0,6.896551724137931
EURO,Hepatitis B vaccine,1990.0,6.896551724137931
EURO,Hepatitis B vaccine,1991.0,6.25
EURO,Hepatitis B vaccine,1992.0,6.25
EURO,Hepatitis B vaccine,1993.0,5.88235294117647
EURO,Hepatitis B vaccine,1994.0,13.725490196078432
EURO,Hepatitis B vaccine,1995.0,21.568627450980394
EURO,Hepatitis B vaccine,1996.0,27.450980392156865
EURO,Hepatitis B vaccine,1997.0,34.61538461538461
EURO,Hepatitis B vaccine,1998.0,44.230769230769226
EURO,Hepatitis B vaccine,1999.0,48.07692307692308
EURO,Hepatitis B vaccine,2000.0,51.92307692307693
EURO,Hepatitis B vaccine,2001.0,63.46153846153846
EURO,Hepatitis B vaccine,2002.0,67.3076923076923
EURO,Hepatitis B vaccine,2003.0,73.07692307692307
EURO,Hepatitis B vaccine,2004.0,75.0
EURO,Hepatitis B vaccine,2005.0,76.92307692307693
EURO,Hepatitis B vaccine,2006.0,79.24528301886792
EURO,Hepatitis B vaccine,2007.0,79.24528301886792
EURO,Hepatitis B vaccine,2008.0,81.13207547169812
EURO,Hepatitis B vaccine,2009.0,81.13207547169812
EURO,Hepatitis B vaccine,2010.0,81.13207547169812
EURO,Hepatitis B vaccine,2011.0,83.01886792452831
EURO,Hepatitis B vaccine,2012.0,83.01886792452831
EURO,Hepatitis B vaccine,2013.0,83.01886792452831
EURO,Hepatitis B vaccine,2014.0,83.01886792452831
EURO,Hepatitis B vaccine,2015.0,83.01886792452831
EURO,Hepatitis B vaccine,2016.0,84.90566037735849
EURO,Hepatitis B vaccine,2017.0,88.67924528301887
EURO,Hepatitis B vaccine,2018.0,90.56603773584906
EURO,Hepatitis B vaccine,2019.0,92.45283018867924
EURO,Hepatitis B vaccine,2020.0,92.45283018867924
EURO,Hepatitis B vaccine,2021.0,92.45283018867924
EURO,Hepatitis B vaccine,2022.0,92.45283018867924
EURO,Hepatitis B vaccine,2023.0,92.45283018867924
EURO,Hib (Haemophilus influenzae type B) vaccine,1986.0,3.4482758620689653
EURO,Hib (Haemophilus influenzae type B) vaccine,1987.0,3.4482758620689653
EURO,Hib (Haemophilus influenzae type B) vaccine,1988.0,3.4482758620689653
EURO,Hib (Haemophilus influenzae type B) vaccine,1989.0,6.896551724137931
EURO,Hib (Haemophilus influenzae type B) vaccine,1990.0,13.793103448275861
EURO,Hib (Haemophilus influenzae type B) vaccine,1991.0,8.333333333333332
EURO,Hib (Haemophilus influenzae type B) vaccine,1992.0,20.833333333333336
EURO,Hib (Haemophilus influenzae type B) vaccine,1993.0,25.49019607843137
EURO,Hib (Haemophilus influenzae type B) vaccine,1994.0,33.33333333333333
EURO,Hib (Haemophilus influenzae type B) vaccine,1995.0,33.33333333333333
EURO,Hib (Haemophilus influenzae type B) vaccine,1996.0,37.254901960784316
EURO,Hib (Haemophilus influenzae type B) vaccine,1997.0,36.53846153846153
EURO,Hib (Haemophilus influenzae type B) vaccine,1998.0,38.46153846153847
EURO,Hib (Haemophilus influenzae type B) vaccine,1999.0,44.230769230769226
EURO,Hib (Haemophilus influenzae type B) vaccine,2000.0,51.92307692307693
EURO,Hib (Haemophilus influenzae type B) vaccine,2001.0,55.769230769230774
EURO,Hib (Haemophilus influenzae type B) vaccine,2002.0,57.692307692307686
EURO,Hib (Haemophilus influenzae type B) vaccine,2003.0,57.692307692307686
EURO,Hib (Haemophilus influenzae type B) vaccine,2004.0,59.61538461538461
EURO,Hib (Haemophilus influenzae type B) vaccine,2005.0,61.53846153846154
EURO,Hib (Haemophilus influenzae type B) vaccine,2006.0,67.9245283018868
EURO,Hib (Haemophilus influenzae type B) vaccine,2007.0,69.81132075471697
EURO,Hib (Haemophilus influenzae type B) vaccine,2008.0,77.35849056603774
EURO,Hib (Haemophilus influenzae type B) vaccine,2009.0,86.79245283018868
EURO,Hib (Haemophilus influenzae type B) vaccine,2010.0,94.33962264150944
EURO,Hib (Haemophilus influenzae type B) vaccine,2011.0,96.22641509433963
EURO,Hib (Haemophilus influenzae type B) vaccine,2012.0,96.22641509433963
EURO,Hib (Haemophilus influenzae type B) vaccine,2013.0,96.22641509433963
EURO,Hib (Haemophilus influenzae type B) vaccine,2014.0,96.22641509433963
EURO,Hib (Haemophilus influenzae type B) vaccine,2015.0,96.22641509433963
EURO,Hib (Haemophilus influenzae type B) vaccine,2016.0,96.22641509433963
EURO,Hib (Haemophilus influenzae type B) vaccine,2017.0,96.22641509433963
EURO,Hib (Haemophilus influenzae type B) vaccine,2018.0,98.11320754716981
EURO,Hib (Haemophilus influenzae type B) vaccine,2019.0,98.11320754716981
EURO,Hib (Haemophilus influenzae type B) vaccine,2020.0,98.11320754716981
EURO,Hib (Haemophilus influenzae type B) vaccine,2021.0,98.11320754716981
EURO,Hib (Haemophilus influenzae type B) vaccine,2022.0,100.0
EURO,Hib (Haemophilus influenzae type B) vaccine,2023.0,100.0
EURO,IPV (Inactivated polio vaccine),1955.0,3.4482758620689653
EURO,IPV (Inactivated polio vaccine),1956.0,6.896551724137931
EURO,IPV (Inactivated polio vaccine),1957.0,20.689655172413794
EURO,IPV (Inactivated polio vaccine),1958.0,27.586206896551722
EURO,IPV (Inactivated polio vaccine),1959.0,31.03448275862069
EURO,IPV (Inactivated polio vaccine),1960.0,34.48275862068966
EURO,IPV (Inactivated polio vaccine),1961.0,34.48275862068966
EURO,IPV (Inactivated polio vaccine),1962.0,37.93103448275862
EURO,IPV (Inactivated polio vaccine),1963.0,41.37931034482759
EURO,IPV (Inactivated polio vaccine),1964.0,48.275862068965516
EURO,IPV (Inactivated polio vaccine),1965.0,48.275862068965516
EURO,IPV (Inactivated polio vaccine),1966.0,48.275862068965516
EURO,IPV (Inactivated polio vaccine),1967.0,48.275862068965516
EURO,IPV (Inactivated polio vaccine),1968.0,48.275862068965516
EURO,IPV (Inactivated polio vaccine),1969.0,48.275862068965516
EURO,IPV (Inactivated polio vaccine),1970.0,48.275862068965516
EURO,IPV (Inactivated polio vaccine),1971.0,48.275862068965516
EURO,IPV (Inactivated polio vaccine),1972.0,48.275862068965516
EURO,IPV (Inactivated polio vaccine),1973.0,48.275862068965516
EURO,IPV (Inactivated polio vaccine),1974.0,48.275862068965516
EURO,IPV (Inactivated polio vaccine),1975.0,48.275862068965516
EURO,IPV (Inactivated polio vaccine),1976.0,48.275862068965516
EURO,IPV (Inactivated polio vaccine),1977.0,48.275862068965516
EURO,IPV (Inactivated polio vaccine),1978.0,48.275862068965516
EURO,IPV (Inactivated polio vaccine),1979.0,48.275862068965516
EURO,IPV (Inactivated polio vaccine),1980.0,48.275862068965516
EURO,IPV (Inactivated polio vaccine),1981.0,48.275862068965516
EURO,IPV (Inactivated polio vaccine),1982.0,51.724137931034484
EURO,IPV (Inactivated polio vaccine),1983.0,51.724137931034484
EURO,IPV (Inactivated polio vaccine),1984.0,51.724137931034484
EURO,IPV (Inactivated polio vaccine),1985.0,51.724137931034484
EURO,IPV (Inactivated polio vaccine),1986.0,51.724137931034484
EURO,IPV (Inactivated polio vaccine),1987.0,51.724137931034484
EURO,IPV (Inactivated polio vaccine),1988.0,51.724137931034484
EURO,IPV (Inactivated polio vaccine),1989.0,51.724137931034484
EURO,IPV (Inactivated polio vaccine),1990.0,51.724137931034484
EURO,IPV (Inactivated polio vaccine),1991.0,37.5
EURO,IPV (Inactivated polio vaccine),1992.0,37.5
EURO,IPV (Inactivated polio vaccine),1993.0,37.254901960784316
EURO,IPV (Inactivated polio vaccine),1994.0,37.254901960784316
EURO,IPV (Inactivated polio vaccine),1995.0,41.17647058823529
EURO,IPV (Inactivated polio vaccine),1996.0,41.17647058823529
EURO,IPV (Inactivated polio vaccine),1997.0,40.38461538461539
EURO,IPV (Inactivated polio vaccine),1998.0,42.30769230769231
EURO,IPV (Inactivated polio vaccine),1999.0,44.230769230769226
EURO,IPV (Inactivated polio vaccine),2000.0,44.230769230769226
EURO,IPV (Inactivated polio vaccine),2001.0,46.15384615384615
EURO,IPV (Inactivated polio vaccine),2002.0,48.07692307692308
EURO,IPV (Inactivated polio vaccine),2003.0,53.84615384615385
EURO,IPV (Inactivated polio vaccine),2004.0,57.692307692307686
EURO,IPV (Inactivated polio vaccine),2005.0,59.61538461538461
EURO,IPV (Inactivated polio vaccine),2006.0,60.37735849056604
EURO,IPV (Inactivated polio vaccine),2007.0,64.15094339622641
EURO,IPV (Inactivated polio vaccine),2008.0,73.58490566037736
EURO,IPV (Inactivated polio vaccine),2009.0,73.58490566037736
EURO,IPV (Inactivated polio vaccine),2010.0,75.47169811320755
EURO,IPV (Inactivated polio vaccine),2011.0,77.35849056603774
EURO,IPV (Inactivated polio vaccine),2012.0,77.35849056603774
EURO,IPV (Inactivated polio vaccine),2013.0,79.24528301886792
EURO,IPV (Inactivated polio vaccine),2014.0,81.13207547169812
EURO,IPV (Inactivated polio vaccine),2015.0,86.79245283018868
EURO,IPV (Inactivated polio vaccine),2016.0,90.56603773584906
EURO,IPV (Inactivated polio vaccine),2017.0,90.56603773584906
EURO,IPV (Inactivated polio vaccine),2018.0,100.0
EURO,IPV (Inactivated polio vaccine),2019.0,100.0
EURO,IPV (Inactivated polio vaccine),2020.0,100.0
EURO,IPV (Inactivated polio vaccine),2021.0,100.0
EURO,IPV (Inactivated polio vaccine),2022.0,100.0
EURO,IPV (Inactivated polio vaccine),2023.0,100.0
EURO,IPV (Inactivated polio vaccine) 2nd dose,1995.0,15.686274509803921
EURO,IPV (Inactivated polio vaccine) 2nd dose,2002.0,34.61538461538461
EURO,IPV (Inactivated polio vaccine) 2nd dose,2003.0,44.230769230769226
EURO,IPV (Inactivated polio vaccine) 2nd dose,2004.0,51.92307692307693
EURO,IPV (Inactivated polio vaccine) 2nd dose,2005.0,55.769230769230774
EURO,IPV (Inactivated polio vaccine) 2nd dose,2006.0,58.490566037735846
EURO,IPV (Inactivated polio vaccine) 2nd dose,2007.0,62.264150943396224
EURO,IPV (Inactivated polio vaccine) 2nd dose,2008.0,73.58490566037736
EURO,IPV (Inactivated polio vaccine) 2nd dose,2009.0,73.58490566037736
EURO,IPV (Inactivated polio vaccine) 2nd dose,2010.0,75.47169811320755
EURO,IPV (Inactivated polio vaccine) 2nd dose,2011.0,77.35849056603774
EURO,IPV (Inactivated polio vaccine) 2nd dose,2012.0,77.35849056603774
EURO,IPV (Inactivated polio vaccine) 2nd dose,2013.0,79.24528301886792
EURO,IPV (Inactivated polio vaccine) 2nd dose,2014.0,81.13207547169812
EURO,IPV (Inactivated polio vaccine) 2nd dose,2015.0,86.79245283018868
EURO,IPV (Inactivated polio vaccine) 2nd dose,2016.0,86.79245283018868
EURO,IPV (Inactivated polio vaccine) 2nd dose,2017.0,86.79245283018868
EURO,IPV (Inactivated polio vaccine) 2nd dose,2018.0,86.79245283018868
EURO,IPV (Inactivated polio vaccine) 2nd dose,2019.0,86.79245283018868
EURO,IPV (Inactivated polio vaccine) 2nd dose,2020.0,86.79245283018868
EURO,IPV (Inactivated polio vaccine) 2nd dose,2021.0,88.67924528301887
EURO,IPV (Inactivated polio vaccine) 2nd dose,2022.0,98.11320754716981
EURO,IPV (Inactivated polio vaccine) 2nd dose,2023.0,98.11320754716981
EURO,Japanese Encephalitis,2001.0,0.0
EURO,Japanese Encephalitis,2002.0,0.0
EURO,Japanese Encephalitis,2003.0,0.0
EURO,Japanese Encephalitis,2004.0,0.0
EURO,Japanese Encephalitis,2005.0,0.0
EURO,Japanese Encephalitis,2006.0,0.0
EURO,Japanese Encephalitis,2007.0,0.0
EURO,Japanese Encephalitis,2008.0,0.0
EURO,Japanese Encephalitis,2009.0,0.0
EURO,Japanese Encephalitis,2010.0,0.0
EURO,Japanese Encephalitis,2011.0,0.0
EURO,Japanese Encephalitis,2012.0,0.0
EURO,Japanese Encephalitis,2013.0,0.0
EURO,Japanese Encephalitis,2014.0,0.0
EURO,Japanese Encephalitis,2015.0,0.0
EURO,Japanese Encephalitis,2016.0,0.0
EURO,Japanese Encephalitis,2017.0,0.0
EURO,Japanese Encephalitis,2018.0,0.0
EURO,Japanese Encephalitis,2019.0,0.0
EURO,Japanese Encephalitis,2020.0,0.0
EURO,Japanese Encephalitis,2021.0,0.0
EURO,Japanese Encephalitis,2022.0,0.0
EURO,Japanese Encephalitis,2023.0,0.0
EURO,Malaria vaccine,2019.0,0.0
EURO,Malaria vaccine,2020.0,0.0
EURO,Malaria vaccine,2021.0,0.0
EURO,Malaria vaccine,2022.0,0.0
EURO,Malaria vaccine,2023.0,0.0
EURO,Measles-containing vaccine 2nd dose,1963.0,0.0
EURO,Measles-containing vaccine 2nd dose,1964.0,0.0
EURO,Measles-containing vaccine 2nd dose,1965.0,0.0
EURO,Measles-containing vaccine 2nd dose,1966.0,0.0
EURO,Measles-containing vaccine 2nd dose,1967.0,0.0
EURO,Measles-containing vaccine 2nd dose,1968.0,0.0
EURO,Measles-containing vaccine 2nd dose,1969.0,0.0
EURO,Measles-containing vaccine 2nd dose,1970.0,0.0
EURO,Measles-containing vaccine 2nd dose,1971.0,0.0
EURO,Measles-containing vaccine 2nd dose,1972.0,0.0
EURO,Measles-containing vaccine 2nd dose,1973.0,3.4482758620689653
EURO,Measles-containing vaccine 2nd dose,1974.0,3.4482758620689653
EURO,Measles-containing vaccine 2nd dose,1975.0,3.4482758620689653
EURO,Measles-containing vaccine 2nd dose,1976.0,6.896551724137931
EURO,Measles-containing vaccine 2nd dose,1977.0,6.896551724137931
EURO,Measles-containing vaccine 2nd dose,1978.0,6.896551724137931
EURO,Measles-containing vaccine 2nd dose,1979.0,10.344827586206897
EURO,Measles-containing vaccine 2nd dose,1980.0,10.344827586206897
EURO,Measles-containing vaccine 2nd dose,1981.0,10.344827586206897
EURO,Measles-containing vaccine 2nd dose,1982.0,17.24137931034483
EURO,Measles-containing vaccine 2nd dose,1983.0,24.137931034482758
EURO,Measles-containing vaccine 2nd dose,1984.0,24.137931034482758
EURO,Measles-containing vaccine 2nd dose,1985.0,24.137931034482758
EURO,Measles-containing vaccine 2nd dose,1986.0,24.137931034482758
EURO,Measles-containing vaccine 2nd dose,1987.0,31.03448275862069
EURO,Measles-containing vaccine 2nd dose,1988.0,31.03448275862069
EURO,Measles-containing vaccine 2nd dose,1989.0,41.37931034482759
EURO,Measles-containing vaccine 2nd dose,1990.0,44.827586206896555
EURO,Measles-containing vaccine 2nd dose,1991.0,58.333333333333336
EURO,Measles-containing vaccine 2nd dose,1992.0,62.5
EURO,Measles-containing vaccine 2nd dose,1993.0,64.70588235294117
EURO,Measles-containing vaccine 2nd dose,1994.0,72.54901960784314
EURO,Measles-containing vaccine 2nd dose,1995.0,78.43137254901961
EURO,Measles-containing vaccine 2nd dose,1996.0,88.23529411764706
EURO,Measles-containing vaccine 2nd dose,1997.0,90.38461538461539
EURO,Measles-containing vaccine 2nd dose,1998.0,90.38461538461539
EURO,Measles-containing vaccine 2nd dose,1999.0,90.38461538461539
EURO,Measles-containing vaccine 2nd dose,2000.0,90.38461538461539
EURO,Measles-containing vaccine 2nd dose,2001.0,96.15384615384616
EURO,Measles-containing vaccine 2nd dose,2002.0,98.07692307692307
EURO,Measles-containing vaccine 2nd dose,2003.0,98.07692307692307
EURO,Measles-containing vaccine 2nd dose,2004.0,100.0
EURO,Measles-containing vaccine 2nd dose,2005.0,100.0
EURO,Measles-containing vaccine 2nd dose,2006.0,100.0
EURO,Measles-containing vaccine 2nd dose,2007.0,100.0
EURO,Measles-containing vaccine 2nd dose,2008.0,100.0
EURO,Measles-containing vaccine 2nd dose,2009.0,100.0
EURO,Measles-containing vaccine 2nd dose,2010.0,100.0
EURO,Measles-containing vaccine 2nd dose,2011.0,100.0
EURO,Measles-containing vaccine 2nd dose,2012.0,100.0
EURO,Measles-containing vaccine 2nd dose,2013.0,100.0
EURO,Measles-containing vaccine 2nd dose,2014.0,100.0
EURO,Measles-containing vaccine 2nd dose,2015.0,100.0
EURO,Measles-containing vaccine 2nd dose,2016.0,100.0
EURO,Measles-containing vaccine 2nd dose,2017.0,100.0
EURO,Measles-containing vaccine 2nd dose,2018.0,100.0
EURO,Measles-containing vaccine 2nd dose,2019.0,100.0
EURO,Measles-containing vaccine 2nd dose,2020.0,100.0
EURO,Measles-containing vaccine 2nd dose,2021.0,100.0
EURO,Measles-containing vaccine 2nd dose,2022.0,100.0
EURO,Measles-containing vaccine 2nd dose,2023.0,100.0
EURO,Meningococcal meningitis vaccines (all strains),1999.0,1.9230769230769231
EURO,Meningococcal meningitis vaccines (all strains),2000.0,1.9230769230769231
EURO,Meningococcal meningitis vaccines (all strains),2001.0,1.9230769230769231
EURO,Meningococcal meningitis vaccines (all strains),2002.0,9.615384615384617
EURO,Meningococcal meningitis vaccines (all strains),2003.0,13.461538461538462
EURO,Meningococcal meningitis vaccines (all strains),2004.0,13.461538461538462
EURO,Meningococcal meningitis vaccines (all strains),2005.0,21.153846153846153
EURO,Meningococcal meningitis vaccines (all strains),2006.0,22.641509433962266
EURO,Meningococcal meningitis vaccines (all strains),2007.0,18.867924528301888
EURO,Meningococcal meningitis vaccines (all strains),2008.0,24.528301886792452
EURO,Meningococcal meningitis vaccines (all strains),2009.0,24.528301886792452
EURO,Meningococcal meningitis vaccines (all strains),2010.0,28.30188679245283
EURO,Meningococcal meningitis vaccines (all strains),2011.0,28.30188679245283
EURO,Meningococcal meningitis vaccines (all strains),2012.0,28.30188679245283
EURO,Meningococcal meningitis vaccines (all strains),2013.0,28.30188679245283
EURO,Meningococcal meningitis vaccines (all strains),2014.0,32.075471698113205
EURO,Meningococcal meningitis vaccines (all strains),2015.0,33.9622641509434
EURO,Meningococcal meningitis vaccines (all strains),2016.0,35.84905660377358
EURO,Meningococcal meningitis vaccines (all strains),2017.0,35.84905660377358
EURO,Meningococcal meningitis vaccines (all strains),2018.0,37.735849056603776
EURO,Meningococcal meningitis vaccines (all strains),2019.0,37.735849056603776
EURO,Meningococcal meningitis vaccines (all strains),2020.0,39.62264150943396
EURO,Meningococcal meningitis vaccines (all strains),2021.0,39.62264150943396
EURO,Meningococcal meningitis vaccines (all strains),2022.0,39.62264150943396
EURO,Meningococcal meningitis vaccines (all strains),2023.0,39.62264150943396
EURO,Mumps vaccine,1969.0,0.0
EURO,Mumps vaccine,1970.0,0.0
EURO,Mumps vaccine,1971.0,0.0
EURO,Mumps vaccine,1972.0,0.0
EURO,Mumps vaccine,1973.0,0.0
EURO,Mumps vaccine,1974.0,0.0
EURO,Mumps vaccine,1975.0,0.0
EURO,Mumps vaccine,1976.0,0.0
EURO,Mumps vaccine,1977.0,0.0
EURO,Mumps vaccine,1978.0,0.0
EURO,Mumps vaccine,1979.0,0.0
EURO,Mumps vaccine,1980.0,0.0
EURO,Mumps vaccine,1981.0,0.0
EURO,Mumps vaccine,1982.0,0.0
EURO,Mumps vaccine,1983.0,0.0
EURO,Mumps vaccine,1984.0,0.0
EURO,Mumps vaccine,1985.0,0.0
EURO,Mumps vaccine,1986.0,3.4482758620689653
EURO,Mumps vaccine,1987.0,3.4482758620689653
EURO,Mumps vaccine,1988.0,3.4482758620689653
EURO,Mumps vaccine,1989.0,3.4482758620689653
EURO,Mumps vaccine,1990.0,6.896551724137931
EURO,Mumps vaccine,1991.0,8.333333333333332
EURO,Mumps vaccine,1992.0,8.333333333333332
EURO,Mumps vaccine,1993.0,9.803921568627452
EURO,Mumps vaccine,1994.0,9.803921568627452
EURO,Mumps vaccine,1995.0,78.43137254901961
EURO,Mumps vaccine,1996.0,78.43137254901961
EURO,Mumps vaccine,1997.0,76.92307692307693
EURO,Mumps vaccine,1998.0,80.76923076923077
EURO,Mumps vaccine,1999.0,80.76923076923077
EURO,Mumps vaccine,2000.0,80.76923076923077
EURO,Mumps vaccine,2001.0,80.76923076923077
EURO,Mumps vaccine,2002.0,88.46153846153845
EURO,Mumps vaccine,2003.0,92.3076923076923
EURO,Mumps vaccine,2004.0,94.23076923076923
EURO,Mumps vaccine,2005.0,96.15384615384616
EURO,Mumps vaccine,2006.0,98.11320754716981
EURO,Mumps vaccine,2007.0,98.11320754716981
EURO,Mumps vaccine,2008.0,98.11320754716981
EURO,Mumps vaccine,2009.0,98.11320754716981
EURO,Mumps vaccine,2010.0,98.11320754716981
EURO,Mumps vaccine,2011.0,98.11320754716981
EURO,Mumps vaccine,2012.0,98.11320754716981
EURO,Mumps vaccine,2013.0,98.11320754716981
EURO,Mumps vaccine,2014.0,98.11320754716981
EURO,Mumps vaccine,2015.0,98.11320754716981
EURO,Mumps vaccine,2016.0,98.11320754716981
EURO,Mumps vaccine,2017.0,98.11320754716981
EURO,Mumps vaccine,2018.0,98.11320754716981
EURO,Mumps vaccine,2019.0,98.11320754716981
EURO,Mumps vaccine,2020.0,100.0
EURO,Mumps vaccine,2021.0,100.0
EURO,Mumps vaccine,2022.0,100.0
EURO,Mumps vaccine,2023.0,100.0
EURO,PCV (Pneumococcal conjugate vaccine),2000.0,0.0
EURO,PCV (Pneumococcal conjugate vaccine),2001.0,0.0
EURO,PCV (Pneumococcal conjugate vaccine),2002.0,0.0
EURO,PCV (Pneumococcal conjugate vaccine),2003.0,0.0
EURO,PCV (Pneumococcal conjugate vaccine),2004.0,0.0
EURO,PCV (Pneumococcal conjugate vaccine),2005.0,3.8461538461538463
EURO,PCV (Pneumococcal conjugate vaccine),2006.0,20.754716981132077
EURO,PCV (Pneumococcal conjugate vaccine),2007.0,26.41509433962264
EURO,PCV (Pneumococcal conjugate vaccine),2008.0,30.18867924528302
EURO,PCV (Pneumococcal conjugate vaccine),2009.0,37.735849056603776
EURO,PCV (Pneumococcal conjugate vaccine),2010.0,43.39622641509434
EURO,PCV (Pneumococcal conjugate vaccine),2011.0,47.16981132075472
EURO,PCV (Pneumococcal conjugate vaccine),2012.0,47.16981132075472
EURO,PCV (Pneumococcal conjugate vaccine),2013.0,50.943396226415096
EURO,PCV (Pneumococcal conjugate vaccine),2014.0,60.37735849056604
EURO,PCV (Pneumococcal conjugate vaccine),2015.0,66.0377358490566
EURO,PCV (Pneumococcal conjugate vaccine),2016.0,71.69811320754717
EURO,PCV (Pneumococcal conjugate vaccine),2017.0,75.47169811320755
EURO,PCV (Pneumococcal conjugate vaccine),2018.0,77.35849056603774
EURO,PCV (Pneumococcal conjugate vaccine),2019.0,83.01886792452831
EURO,PCV (Pneumococcal conjugate vaccine),2020.0,84.90566037735849
EURO,PCV (Pneumococcal conjugate vaccine),2021.0,84.90566037735849
EURO,PCV (Pneumococcal conjugate vaccine),2022.0,88.67924528301887
EURO,PCV (Pneumococcal conjugate vaccine),2023.0,88.67924528301887
EURO,PPV (Pneumococcal polysaccharide vaccine),1999.0,1.9230769230769231
EURO,PPV (Pneumococcal polysaccharide vaccine),2000.0,1.9230769230769231
EURO,PPV (Pneumococcal polysaccharide vaccine),2001.0,1.9230769230769231
EURO,PPV (Pneumococcal polysaccharide vaccine),2002.0,1.9230769230769231
EURO,PPV (Pneumococcal polysaccharide vaccine),2003.0,5.769230769230769
EURO,PPV (Pneumococcal polysaccharide vaccine),2004.0,9.615384615384617
EURO,PPV (Pneumococcal polysaccharide vaccine),2005.0,13.461538461538462
EURO,PPV (Pneumococcal polysaccharide vaccine),2006.0,13.20754716981132
EURO,PPV (Pneumococcal polysaccharide vaccine),2007.0,13.20754716981132
EURO,PPV (Pneumococcal polysaccharide vaccine),2008.0,15.09433962264151
EURO,PPV (Pneumococcal polysaccharide vaccine),2009.0,16.9811320754717
EURO,PPV (Pneumococcal polysaccharide vaccine),2010.0,15.09433962264151
EURO,PPV (Pneumococcal polysaccharide vaccine),2011.0,15.09433962264151
EURO,PPV (Pneumococcal polysaccharide vaccine),2012.0,15.09433962264151
EURO,PPV (Pneumococcal polysaccharide vaccine),2013.0,16.9811320754717
EURO,PPV (Pneumococcal polysaccharide vaccine),2014.0,16.9811320754717
EURO,PPV (Pneumococcal polysaccharide vaccine),2015.0,15.09433962264151
EURO,PPV (Pneumococcal polysaccharide vaccine),2016.0,15.09433962264151
EURO,PPV (Pneumococcal polysaccharide vaccine),2017.0,13.20754716981132
EURO,PPV (Pneumococcal polysaccharide vaccine),2018.0,13.20754716981132
EURO,PPV (Pneumococcal polysaccharide vaccine),2019.0,15.09433962264151
EURO,PPV (Pneumococcal polysaccharide vaccine),2020.0,20.754716981132077
EURO,PPV (Pneumococcal polysaccharide vaccine),2021.0,22.641509433962266
EURO,PPV (Pneumococcal polysaccharide vaccine),2022.0,24.528301886792452
EURO,PPV (Pneumococcal polysaccharide vaccine),2023.0,22.641509433962266
EURO,Rotavirus vaccine,2006.0,3.7735849056603774
EURO,Rotavirus vaccine,2007.0,5.660377358490567
EURO,Rotavirus vaccine,2008.0,5.660377358490567
EURO,Rotavirus vaccine,2009.0,7.547169811320755
EURO,Rotavirus vaccine,2010.0,9.433962264150944
EURO,Rotavirus vaccine,2011.0,11.320754716981133
EURO,Rotavirus vaccine,2012.0,13.20754716981132
EURO,Rotavirus vaccine,2013.0,18.867924528301888
EURO,Rotavirus vaccine,2014.0,24.528301886792452
EURO,Rotavirus vaccine,2015.0,28.30188679245283
EURO,Rotavirus vaccine,2016.0,30.18867924528302
EURO,Rotavirus vaccine,2017.0,32.075471698113205
EURO,Rotavirus vaccine,2018.0,35.84905660377358
EURO,Rotavirus vaccine,2019.0,45.28301886792453
EURO,Rotavirus vaccine,2020.0,47.16981132075472
EURO,Rotavirus vaccine,2021.0,47.16981132075472
EURO,Rotavirus vaccine,2022.0,49.056603773584904
EURO,Rotavirus vaccine,2023.0,49.056603773584904
EURO,Rubella vaccine,1969.0,0.0
EURO,Rubella vaccine,1970.0,10.344827586206897
EURO,Rubella vaccine,1971.0,13.793103448275861
EURO,Rubella vaccine,1972.0,20.689655172413794
EURO,Rubella vaccine,1973.0,24.137931034482758
EURO,Rubella vaccine,1974.0,31.03448275862069
EURO,Rubella vaccine,1975.0,34.48275862068966
EURO,Rubella vaccine,1976.0,34.48275862068966
EURO,Rubella vaccine,1977.0,34.48275862068966
EURO,Rubella vaccine,1978.0,41.37931034482759
EURO,Rubella vaccine,1979.0,44.827586206896555
EURO,Rubella vaccine,1980.0,44.827586206896555
EURO,Rubella vaccine,1981.0,44.827586206896555
EURO,Rubella vaccine,1982.0,48.275862068965516
EURO,Rubella vaccine,1983.0,48.275862068965516
EURO,Rubella vaccine,1984.0,51.724137931034484
EURO,Rubella vaccine,1985.0,58.620689655172406
EURO,Rubella vaccine,1986.0,62.06896551724138
EURO,Rubella vaccine,1987.0,65.51724137931035
EURO,Rubella vaccine,1988.0,68.96551724137932
EURO,Rubella vaccine,1989.0,72.41379310344827
EURO,Rubella vaccine,1990.0,72.41379310344827
EURO,Rubella vaccine,1991.0,52.083333333333336
EURO,Rubella vaccine,1992.0,56.25
EURO,Rubella vaccine,1993.0,62.745098039215684
EURO,Rubella vaccine,1994.0,64.70588235294117
EURO,Rubella vaccine,1995.0,70.58823529411765
EURO,Rubella vaccine,1996.0,72.54901960784314
EURO,Rubella vaccine,1997.0,73.07692307692307
EURO,Rubella vaccine,1998.0,73.07692307692307
EURO,Rubella vaccine,1999.0,73.07692307692307
EURO,Rubella vaccine,2000.0,75.0
EURO,Rubella vaccine,2001.0,78.84615384615384
EURO,Rubella vaccine,2002.0,84.61538461538461
EURO,Rubella vaccine,2003.0,88.46153846153845
EURO,Rubella vaccine,2004.0,92.3076923076923
EURO,Rubella vaccine,2005.0,92.3076923076923
EURO,Rubella vaccine,2006.0,96.22641509433963
EURO,Rubella vaccine,2007.0,98.11320754716981
EURO,Rubella vaccine,2008.0,98.11320754716981
EURO,Rubella vaccine,2009.0,100.0
EURO,Rubella vaccine,2010.0,100.0
EURO,Rubella vaccine,2011.0,100.0
EURO,Rubella vaccine,2012.0,100.0
EURO,Rubella vaccine,2013.0,100.0
EURO,Rubella vaccine,2014.0,100.0
EURO,Rubella vaccine,2015.0,100.0
EURO,Rubella vaccine,2016.0,100.0
EURO,Rubella vaccine,2017.0,100.0
EURO,Rubella vaccine,2018.0,100.0
EURO,Rubella vaccine,2019.0,100.0
EURO,Rubella vaccine,2020.0,100.0
EURO,Rubella vaccine,2021.0,100.0
EURO,Rubella vaccine,2022.0,100.0
EURO,Rubella vaccine,2023.0,100.0
EURO,Seasonal Influenza vaccine,1940.0,0.0
EURO,Seasonal Influenza vaccine,1941.0,0.0
EURO,Seasonal Influenza vaccine,1942.0,0.0
EURO,Seasonal Influenza vaccine,1943.0,0.0
EURO,Seasonal Influenza vaccine,1944.0,0.0
EURO,Seasonal Influenza vaccine,1945.0,0.0
EURO,Seasonal Influenza vaccine,1946.0,0.0
EURO,Seasonal Influenza vaccine,1947.0,0.0
EURO,Seasonal Influenza vaccine,1948.0,0.0
EURO,Seasonal Influenza vaccine,1949.0,0.0
EURO,Seasonal Influenza vaccine,1950.0,0.0
EURO,Seasonal Influenza vaccine,1951.0,0.0
EURO,Seasonal Influenza vaccine,1952.0,0.0
EURO,Seasonal Influenza vaccine,1953.0,0.0
EURO,Seasonal Influenza vaccine,1954.0,0.0
EURO,Seasonal Influenza vaccine,1955.0,0.0
EURO,Seasonal Influenza vaccine,1956.0,0.0
EURO,Seasonal Influenza vaccine,1957.0,0.0
EURO,Seasonal Influenza vaccine,1958.0,0.0
EURO,Seasonal Influenza vaccine,1959.0,0.0
EURO,Seasonal Influenza vaccine,1960.0,0.0
EURO,Seasonal Influenza vaccine,1961.0,0.0
EURO,Seasonal Influenza vaccine,1962.0,0.0
EURO,Seasonal Influenza vaccine,1963.0,0.0
EURO,Seasonal Influenza vaccine,1964.0,0.0
EURO,Seasonal Influenza vaccine,1965.0,0.0
EURO,Seasonal Influenza vaccine,1966.0,0.0
EURO,Seasonal Influenza vaccine,1967.0,0.0
EURO,Seasonal Influenza vaccine,1968.0,0.0
EURO,Seasonal Influenza vaccine,1969.0,0.0
EURO,Seasonal Influenza vaccine,1970.0,0.0
EURO,Seasonal Influenza vaccine,1971.0,0.0
EURO,Seasonal Influenza vaccine,1972.0,0.0
EURO,Seasonal Influenza vaccine,1973.0,0.0
EURO,Seasonal Influenza vaccine,1974.0,0.0
EURO,Seasonal Influenza vaccine,1975.0,0.0
EURO,Seasonal Influenza vaccine,1976.0,0.0
EURO,Seasonal Influenza vaccine,1977.0,0.0
EURO,Seasonal Influenza vaccine,1978.0,0.0
EURO,Seasonal Influenza vaccine,1979.0,0.0
EURO,Seasonal Influenza vaccine,1980.0,0.0
EURO,Seasonal Influenza vaccine,1981.0,0.0
EURO,Seasonal Influenza vaccine,1982.0,0.0
EURO,Seasonal Influenza vaccine,1983.0,0.0
EURO,Seasonal Influenza vaccine,1984.0,0.0
EURO,Seasonal Influenza vaccine,1985.0,0.0
EURO,Seasonal Influenza vaccine,1986.0,0.0
EURO,Seasonal Influenza vaccine,1987.0,0.0
EURO,Seasonal Influenza vaccine,1988.0,3.4482758620689653
EURO,Seasonal Influenza vaccine,1989.0,6.896551724137931
EURO,Seasonal Influenza vaccine,1990.0,6.896551724137931
EURO,Seasonal Influenza vaccine,1991.0,6.25
EURO,Seasonal Influenza vaccine,1992.0,8.333333333333332
EURO,Seasonal Influenza vaccine,1993.0,7.8431372549019605
EURO,Seasonal Influenza vaccine,1994.0,7.8431372549019605
EURO,Seasonal Influenza vaccine,1995.0,7.8431372549019605
EURO,Seasonal Influenza vaccine,1996.0,9.803921568627452
EURO,Seasonal Influenza vaccine,1997.0,9.615384615384617
EURO,Seasonal Influenza vaccine,1998.0,11.538461538461538
EURO,Seasonal Influenza vaccine,1999.0,11.538461538461538
EURO,Seasonal Influenza vaccine,2000.0,13.461538461538462
EURO,Seasonal Influenza vaccine,2001.0,13.461538461538462
EURO,Seasonal Influenza vaccine,2002.0,13.461538461538462
EURO,Seasonal Influenza vaccine,2003.0,13.461538461538462
EURO,Seasonal Influenza vaccine,2004.0,13.461538461538462
EURO,Seasonal Influenza vaccine,2005.0,15.384615384615385
EURO,Seasonal Influenza vaccine,2006.0,15.09433962264151
EURO,Seasonal Influenza vaccine,2007.0,33.9622641509434
EURO,Seasonal Influenza vaccine,2008.0,64.15094339622641
EURO,Seasonal Influenza vaccine,2009.0,66.0377358490566
EURO,Seasonal Influenza vaccine,2010.0,69.81132075471697
EURO,Seasonal Influenza vaccine,2011.0,71.69811320754717
EURO,Seasonal Influenza vaccine,2012.0,73.58490566037736
EURO,Seasonal Influenza vaccine,2013.0,75.47169811320755
EURO,Seasonal Influenza vaccine,2014.0,81.13207547169812
EURO,Seasonal Influenza vaccine,2015.0,90.56603773584906
EURO,Seasonal Influenza vaccine,2016.0,92.45283018867924
EURO,Seasonal Influenza vaccine,2017.0,94.33962264150944
EURO,Seasonal Influenza vaccine,2018.0,98.11320754716981
EURO,Seasonal Influenza vaccine,2019.0,96.22641509433963
EURO,Seasonal Influenza vaccine,2020.0,98.11320754716981
EURO,Seasonal Influenza vaccine,2021.0,100.0
EURO,Seasonal Influenza vaccine,2022.0,100.0
EURO,Seasonal Influenza vaccine,2023.0,100.0
EURO,Typhoid,2002.0,0.0
EURO,Typhoid,2003.0,0.0
EURO,Typhoid,2004.0,0.0
EURO,Typhoid,2005.0,0.0
EURO,Typhoid,2006.0,0.0
EURO,Typhoid,2007.0,0.0
EURO,Typhoid,2008.0,0.0
EURO,Typhoid,2009.0,0.0
EURO,Typhoid,2010.0,0.0
EURO,Typhoid,2011.0,0.0
EURO,Typhoid,2012.0,0.0
EURO,Typhoid,2013.0,0.0
EURO,Typhoid,2014.0,0.0
EURO,Typhoid,2015.0,0.0
EURO,Typhoid,2016.0,0.0
EURO,Typhoid,2017.0,0.0
EURO,Typhoid,2018.0,0.0
EURO,Typhoid,2019.0,0.0
EURO,Typhoid,2020.0,0.0
EURO,Typhoid,2021.0,0.0
EURO,Typhoid,2022.0,0.0
EURO,Typhoid,2023.0,0.0
EURO,Varicella vaccine,2001.0,0.0
EURO,Varicella vaccine,2002.0,0.0
EURO,Varicella vaccine,2003.0,1.9230769230769231
EURO,Varicella vaccine,2004.0,3.8461538461538463
EURO,Varicella vaccine,2005.0,3.8461538461538463
EURO,Varicella vaccine,2006.0,5.660377358490567
EURO,Varicella vaccine,2007.0,5.660377358490567
EURO,Varicella vaccine,2008.0,9.433962264150944
EURO,Varicella vaccine,2009.0,9.433962264150944
EURO,Varicella vaccine,2010.0,11.320754716981133
EURO,Varicella vaccine,2011.0,13.20754716981132
EURO,Varicella vaccine,2012.0,15.09433962264151
EURO,Varicella vaccine,2013.0,16.9811320754717
EURO,Varicella vaccine,2014.0,16.9811320754717
EURO,Varicella vaccine,2015.0,16.9811320754717
EURO,Varicella vaccine,2016.0,20.754716981132077
EURO,Varicella vaccine,2017.0,22.641509433962266
EURO,Varicella vaccine,2018.0,24.528301886792452
EURO,Varicella vaccine,2019.0,26.41509433962264
EURO,Varicella vaccine,2020.0,28.30188679245283
EURO,Varicella vaccine,2021.0,28.30188679245283
EURO,Varicella vaccine,2022.0,28.30188679245283
EURO,Varicella vaccine,2023.0,28.30188679245283
EURO,YF (Yellow fever) vaccine,1967.0,0.0
EURO,YF (Yellow fever) vaccine,1968.0,0.0
EURO,YF (Yellow fever) vaccine,1969.0,0.0
EURO,YF (Yellow fever) vaccine,1970.0,0.0
EURO,YF (Yellow fever) vaccine,1971.0,0.0
EURO,YF (Yellow fever) vaccine,1972.0,0.0
EURO,YF (Yellow fever) vaccine,1973.0,0.0
EURO,YF (Yellow fever) vaccine,1974.0,0.0
EURO,YF (Yellow fever) vaccine,1975.0,0.0
EURO,YF (Yellow fever) vaccine,1976.0,0.0
EURO,YF (Yellow fever) vaccine,1977.0,0.0
EURO,YF (Yellow fever) vaccine,1978.0,0.0
EURO,YF (Yellow fever) vaccine,1979.0,0.0
EURO,YF (Yellow fever) vaccine,1980.0,0.0
EURO,YF (Yellow fever) vaccine,1981.0,0.0
EURO,YF (Yellow fever) vaccine,1982.0,0.0
EURO,YF (Yellow fever) vaccine,1983.0,0.0
EURO,YF (Yellow fever) vaccine,1984.0,0.0
EURO,YF (Yellow fever) vaccine,1985.0,0.0
EURO,YF (Yellow fever) vaccine,1986.0,0.0
EURO,YF (Yellow fever) vaccine,1987.0,0.0
EURO,YF (Yellow fever) vaccine,1988.0,0.0
EURO,YF (Yellow fever) vaccine,1989.0,0.0
EURO,YF (Yellow fever) vaccine,1990.0,0.0
EURO,YF (Yellow fever) vaccine,1991.0,0.0
EURO,YF (Yellow fever) vaccine,1992.0,0.0
EURO,YF (Yellow fever) vaccine,1993.0,0.0
EURO,YF (Yellow fever) vaccine,1994.0,0.0
EURO,YF (Yellow fever) vaccine,1995.0,0.0
EURO,YF (Yellow fever) vaccine,1996.0,0.0
EURO,YF (Yellow fever) vaccine,1997.0,0.0
EURO,YF (Yellow fever) vaccine,1998.0,0.0
EURO,YF (Yellow fever) vaccine,1999.0,0.0
EURO,YF (Yellow fever) vaccine,2000.0,0.0
EURO,YF (Yellow fever) vaccine,2001.0,0.0
EURO,YF (Yellow fever) vaccine,2002.0,0.0
EURO,YF (Yellow fever) vaccine,2003.0,0.0
EURO,YF (Yellow fever) vaccine,2004.0,0.0
EURO,YF (Yellow fever) vaccine,2005.0,0.0
EURO,YF (Yellow fever) vaccine,2006.0,0.0
EURO,YF (Yellow fever) vaccine,2007.0,0.0
EURO,YF (Yellow fever) vaccine,2008.0,0.0
EURO,YF (Yellow fever) vaccine,2009.0,0.0
EURO,YF (Yellow fever) vaccine,2010.0,0.0
EURO,YF (Yellow fever) vaccine,2011.0,0.0
EURO,YF (Yellow fever) vaccine,2012.0,0.0
EURO,YF (Yellow fever) vaccine,2013.0,0.0
EURO,YF (Yellow fever) vaccine,2014.0,0.0
EURO,YF (Yellow fever) vaccine,2015.0,0.0
EURO,YF (Yellow fever) vaccine,2016.0,0.0
EURO,YF (Yellow fever) vaccine,2017.0,0.0
EURO,YF (Yellow fever) vaccine,2018.0,0.0
EURO,YF (Yellow fever) vaccine,2019.0,0.0
EURO,YF (Yellow fever) vaccine,2020.0,0.0
EURO,YF (Yellow fever) vaccine,2021.0,0.0
EURO,YF (Yellow fever) vaccine,2022.0,0.0
EURO,YF (Yellow fever) vaccine,2023.0,0.0
EURO,aP (acellular pertussis) vaccine,2001.0,1.9230769230769231
EURO,aP (acellular pertussis) vaccine,2002.0,17.307692307692307
EURO,aP (acellular pertussis) vaccine,2003.0,21.153846153846153
EURO,aP (acellular pertussis) vaccine,2004.0,23.076923076923077
EURO,aP (acellular pertussis) vaccine,2005.0,23.076923076923077
EURO,aP (acellular pertussis) vaccine,2006.0,54.71698113207547
EURO,aP (acellular pertussis) vaccine,2007.0,60.37735849056604
EURO,aP (acellular pertussis) vaccine,2008.0,66.0377358490566
EURO,aP (acellular pertussis) vaccine,2009.0,66.0377358490566
EURO,aP (acellular pertussis) vaccine,2010.0,67.9245283018868
EURO,aP (acellular pertussis) vaccine,2011.0,69.81132075471697
EURO,aP (acellular pertussis) vaccine,2012.0,69.81132075471697
EURO,aP (acellular pertussis) vaccine,2013.0,71.69811320754717
EURO,aP (acellular pertussis) vaccine,2014.0,71.69811320754717
EURO,aP (acellular pertussis) vaccine,2015.0,77.35849056603774
EURO,aP (acellular pertussis) vaccine,2016.0,79.24528301886792
EURO,aP (acellular pertussis) vaccine,2017.0,81.13207547169812
EURO,aP (acellular pertussis) vaccine,2018.0,81.13207547169812
EURO,aP (acellular pertussis) vaccine,2019.0,81.13207547169812
EURO,aP (acellular pertussis) vaccine,2020.0,81.13207547169812
EURO,aP (acellular pertussis) vaccine,2021.0,81.13207547169812
EURO,aP (acellular pertussis) vaccine,2022.0,81.13207547169812
EURO,aP (acellular pertussis) vaccine,2023.0,83.01886792452831
SEARO,HPV (Human Papilloma Virus) vaccine,2006.0,0.0
SEARO,HPV (Human Papilloma Virus) vaccine,2007.0,0.0
SEARO,HPV (Human Papilloma Virus) vaccine,2008.0,0.0
SEARO,HPV (Human Papilloma Virus) vaccine,2009.0,9.090909090909092
SEARO,HPV (Human Papilloma Virus) vaccine,2010.0,9.090909090909092
SEARO,HPV (Human Papilloma Virus) vaccine,2011.0,9.090909090909092
SEARO,HPV (Human Papilloma Virus) vaccine,2012.0,9.090909090909092
SEARO,HPV (Human Papilloma Virus) vaccine,2013.0,9.090909090909092
SEARO,HPV (Human Papilloma Virus) vaccine,2014.0,9.090909090909092
SEARO,HPV (Human Papilloma Virus) vaccine,2015.0,9.090909090909092
SEARO,HPV (Human Papilloma Virus) vaccine,2016.0,9.090909090909092
SEARO,HPV (Human Papilloma Virus) vaccine,2017.0,27.27272727272727
SEARO,HPV (Human Papilloma Virus) vaccine,2018.0,27.27272727272727
SEARO,HPV (Human Papilloma Virus) vaccine,2019.0,36.36363636363637
SEARO,HPV (Human Papilloma Virus) vaccine,2020.0,45.45454545454545
SEARO,HPV (Human Papilloma Virus) vaccine,2021.0,45.45454545454545
SEARO,HPV (Human Papilloma Virus) vaccine,2022.0,45.45454545454545
SEARO,HPV (Human Papilloma Virus) vaccine,2023.0,54.54545454545454
SEARO,HepB birth dose,1989.0,0.0
SEARO,HepB birth dose,1990.0,0.0
SEARO,HepB birth dose,1991.0,0.0
SEARO,HepB birth dose,1992.0,0.0
SEARO,HepB birth dose,1993.0,0.0
SEARO,HepB birth dose,1994.0,0.0
SEARO,HepB birth dose,1995.0,0.0
SEARO,HepB birth dose,1996.0,0.0
SEARO,HepB birth dose,1997.0,0.0
SEARO,HepB birth dose,1998.0,20.0
SEARO,HepB birth dose,1999.0,20.0
SEARO,HepB birth dose,2000.0,30.0
SEARO,HepB birth dose,2001.0,30.0
SEARO,HepB birth dose,2002.0,27.27272727272727
SEARO,HepB birth dose,2003.0,27.27272727272727
SEARO,HepB birth dose,2004.0,45.45454545454545
SEARO,HepB birth dose,2005.0,45.45454545454545
SEARO,HepB birth dose,2006.0,45.45454545454545
SEARO,HepB birth dose,2007.0,45.45454545454545
SEARO,HepB birth dose,2008.0,54.54545454545454
SEARO,HepB birth dose,2009.0,54.54545454545454
SEARO,HepB birth dose,2010.0,54.54545454545454
SEARO,HepB birth dose,2011.0,54.54545454545454
SEARO,HepB birth dose,2012.0,54.54545454545454
SEARO,HepB birth dose,2013.0,54.54545454545454
SEARO,HepB birth dose,2014.0,54.54545454545454
SEARO,HepB birth dose,2015.0,54.54545454545454
SEARO,HepB birth dose,2016.0,72.72727272727273
SEARO,HepB birth dose,2017.0,72.72727272727273
SEARO,HepB birth dose,2018.0,72.72727272727273
SEARO,HepB birth dose,2019.0,72.72727272727273
SEARO,HepB birth dose,2020.0,72.72727272727273
SEARO,HepB birth dose,2021.0,72.72727272727273
SEARO,HepB birth dose,2022.0,72.72727272727273
SEARO,HepB birth dose,2023.0,72.72727272727273
SEARO,Hepatitis A vaccine,2002.0,0.0
SEARO,Hepatitis A vaccine,2003.0,0.0
SEARO,Hepatitis A vaccine,2004.0,0.0
SEARO,Hepatitis A vaccine,2005.0,0.0
SEARO,Hepatitis A vaccine,2006.0,0.0
SEARO,Hepatitis A vaccine,2007.0,0.0
SEARO,Hepatitis A vaccine,2008.0,0.0
SEARO,Hepatitis A vaccine,2009.0,0.0
SEARO,Hepatitis A vaccine,2010.0,0.0
SEARO,Hepatitis A vaccine,2011.0,0.0
SEARO,Hepatitis A vaccine,2012.0,0.0
SEARO,Hepatitis A vaccine,2013.0,0.0
SEARO,Hepatitis A vaccine,2014.0,0.0
SEARO,Hepatitis A vaccine,2015.0,0.0
SEARO,Hepatitis A vaccine,2016.0,0.0
SEARO,Hepatitis A vaccine,2017.0,0.0
SEARO,Hepatitis A vaccine,2018.0,0.0
SEARO,Hepatitis A vaccine,2019.0,0.0
SEARO,Hepatitis A vaccine,2020.0,0.0
SEARO,Hepatitis A vaccine,2021.0,0.0
SEARO,Hepatitis A vaccine,2022.0,0.0
SEARO,Hepatitis A vaccine,2023.0,0.0
SEARO,Hepatitis B vaccine,1982.0,0.0
SEARO,Hepatitis B vaccine,1983.0,0.0
SEARO,Hepatitis B vaccine,1984.0,0.0
SEARO,Hepatitis B vaccine,1985.0,0.0
SEARO,Hepatitis B vaccine,1986.0,0.0
SEARO,Hepatitis B vaccine,1987.0,0.0
SEARO,Hepatitis B vaccine,1988.0,0.0
SEARO,Hepatitis B vaccine,1989.0,0.0
SEARO,Hepatitis B vaccine,1990.0,0.0
SEARO,Hepatitis B vaccine,1991.0,0.0
SEARO,Hepatitis B vaccine,1992.0,10.0
SEARO,Hepatitis B vaccine,1993.0,10.0
SEARO,Hepatitis B vaccine,1994.0,10.0
SEARO,Hepatitis B vaccine,1995.0,20.0
SEARO,Hepatitis B vaccine,1996.0,20.0
SEARO,Hepatitis B vaccine,1997.0,30.0
SEARO,Hepatitis B vaccine,1998.0,30.0
SEARO,Hepatitis B vaccine,1999.0,30.0
SEARO,Hepatitis B vaccine,2000.0,30.0
SEARO,Hepatitis B vaccine,2001.0,30.0
SEARO,Hepatitis B vaccine,2002.0,27.27272727272727
SEARO,Hepatitis B vaccine,2003.0,36.36363636363637
SEARO,Hepatitis B vaccine,2004.0,45.45454545454545
SEARO,Hepatitis B vaccine,2005.0,81.81818181818183
SEARO,Hepatitis B vaccine,2006.0,81.81818181818183
SEARO,Hepatitis B vaccine,2007.0,90.9090909090909
SEARO,Hepatitis B vaccine,2008.0,90.9090909090909
SEARO,Hepatitis B vaccine,2009.0,90.9090909090909
SEARO,Hepatitis B vaccine,2010.0,90.9090909090909
SEARO,Hepatitis B vaccine,2011.0,100.0
SEARO,Hepatitis B vaccine,2012.0,100.0
SEARO,Hepatitis B vaccine,2013.0,100.0
SEARO,Hepatitis B vaccine,2014.0,100.0
SEARO,Hepatitis B vaccine,2015.0,100.0
SEARO,Hepatitis B vaccine,2016.0,100.0
SEARO,Hepatitis B vaccine,2017.0,100.0
SEARO,Hepatitis B vaccine,2018.0,100.0
SEARO,Hepatitis B vaccine,2019.0,100.0
SEARO,Hepatitis B vaccine,2020.0,100.0
SEARO,Hepatitis B vaccine,2021.0,100.0
SEARO,Hepatitis B vaccine,2022.0,100.0
SEARO,Hepatitis B vaccine,2023.0,100.0
SEARO,Hib (Haemophilus influenzae type B) vaccine,1986.0,0.0
SEARO,Hib (Haemophilus influenzae type B) vaccine,1987.0,0.0
SEARO,Hib (Haemophilus influenzae type B) vaccine,1988.0,0.0
SEARO,Hib (Haemophilus influenzae type B) vaccine,1989.0,0.0
SEARO,Hib (Haemophilus influenzae type B) vaccine,1990.0,0.0
SEARO,Hib (Haemophilus influenzae type B) vaccine,1991.0,0.0
SEARO,Hib (Haemophilus influenzae type B) vaccine,1992.0,0.0
SEARO,Hib (Haemophilus influenzae type B) vaccine,1993.0,0.0
SEARO,Hib (Haemophilus influenzae type B) vaccine,1994.0,0.0
SEARO,Hib (Haemophilus influenzae type B) vaccine,1995.0,0.0
SEARO,Hib (Haemophilus influenzae type B) vaccine,1996.0,0.0
SEARO,Hib (Haemophilus influenzae type B) vaccine,1997.0,0.0
SEARO,Hib (Haemophilus influenzae type B) vaccine,1998.0,0.0
SEARO,Hib (Haemophilus influenzae type B) vaccine,1999.0,0.0
SEARO,Hib (Haemophilus influenzae type B) vaccine,2000.0,0.0
SEARO,Hib (Haemophilus influenzae type B) vaccine,2001.0,0.0
SEARO,Hib (Haemophilus influenzae type B) vaccine,2002.0,0.0
SEARO,Hib (Haemophilus influenzae type B) vaccine,2003.0,0.0
SEARO,Hib (Haemophilus influenzae type B) vaccine,2004.0,0.0
SEARO,Hib (Haemophilus influenzae type B) vaccine,2005.0,0.0
SEARO,Hib (Haemophilus influenzae type B) vaccine,2006.0,0.0
SEARO,Hib (Haemophilus influenzae type B) vaccine,2007.0,0.0
SEARO,Hib (Haemophilus influenzae type B) vaccine,2008.0,9.090909090909092
SEARO,Hib (Haemophilus influenzae type B) vaccine,2009.0,27.27272727272727
SEARO,Hib (Haemophilus influenzae type B) vaccine,2010.0,27.27272727272727
SEARO,Hib (Haemophilus influenzae type B) vaccine,2011.0,36.36363636363637
SEARO,Hib (Haemophilus influenzae type B) vaccine,2012.0,63.63636363636363
SEARO,Hib (Haemophilus influenzae type B) vaccine,2013.0,72.72727272727273
SEARO,Hib (Haemophilus influenzae type B) vaccine,2014.0,81.81818181818183
SEARO,Hib (Haemophilus influenzae type B) vaccine,2015.0,90.9090909090909
SEARO,Hib (Haemophilus influenzae type B) vaccine,2016.0,90.9090909090909
SEARO,Hib (Haemophilus influenzae type B) vaccine,2017.0,90.9090909090909
SEARO,Hib (Haemophilus influenzae type B) vaccine,2018.0,90.9090909090909
SEARO,Hib (Haemophilus influenzae type B) vaccine,2019.0,100.0
SEARO,Hib (Haemophilus influenzae type B) vaccine,2020.0,100.0
SEARO,Hib (Haemophilus influenzae type B) vaccine,2021.0,100.0
SEARO,Hib (Haemophilus influenzae type B) vaccine,2022.0,100.0
SEARO,Hib (Haemophilus influenzae type B) vaccine,2023.0,100.0
SEARO,IPV (Inactivated polio vaccine),1955.0,0.0
SEARO,IPV (Inactivated polio vaccine),1956.0,0.0
SEARO,IPV (Inactivated polio vaccine),1957.0,0.0
SEARO,IPV (Inactivated polio vaccine),1958.0,0.0
SEARO,IPV (Inactivated polio vaccine),1959.0,0.0
SEARO,IPV (Inactivated polio vaccine),1960.0,0.0
SEARO,IPV (Inactivated polio vaccine),1961.0,0.0
SEARO,IPV (Inactivated polio vaccine),1962.0,0.0
SEARO,IPV (Inactivated polio vaccine),1963.0,0.0
SEARO,IPV (Inactivated polio vaccine),1964.0,0.0
SEARO,IPV (Inactivated polio vaccine),1965.0,0.0
SEARO,IPV (Inactivated polio vaccine),1966.0,0.0
SEARO,IPV (Inactivated polio vaccine),1967.0,0.0
SEARO,IPV (Inactivated polio vaccine),1968.0,0.0
SEARO,IPV (Inactivated polio vaccine),1969.0,0.0
SEARO,IPV (Inactivated polio vaccine),1970.0,0.0
SEARO,IPV (Inactivated polio vaccine),1971.0,0.0
SEARO,IPV (Inactivated polio vaccine),1972.0,0.0
SEARO,IPV (Inactivated polio vaccine),1973.0,0.0
SEARO,IPV (Inactivated polio vaccine),1974.0,0.0
SEARO,IPV (Inactivated polio vaccine),1975.0,0.0
SEARO,IPV (Inactivated polio vaccine),1976.0,0.0
SEARO,IPV (Inactivated polio vaccine),1977.0,0.0
SEARO,IPV (Inactivated polio vaccine),1978.0,0.0
SEARO,IPV (Inactivated polio vaccine),1979.0,0.0
SEARO,IPV (Inactivated polio vaccine),1980.0,0.0
SEARO,IPV (Inactivated polio vaccine),1981.0,0.0
SEARO,IPV (Inactivated polio vaccine),1982.0,0.0
SEARO,IPV (Inactivated polio vaccine),1983.0,0.0
SEARO,IPV (Inactivated polio vaccine),1984.0,0.0
SEARO,IPV (Inactivated polio vaccine),1985.0,0.0
SEARO,IPV (Inactivated polio vaccine),1986.0,0.0
SEARO,IPV (Inactivated polio vaccine),1987.0,0.0
SEARO,IPV (Inactivated polio vaccine),1988.0,0.0
SEARO,IPV (Inactivated polio vaccine),1989.0,0.0
SEARO,IPV (Inactivated polio vaccine),1990.0,0.0
SEARO,IPV (Inactivated polio vaccine),1991.0,0.0
SEARO,IPV (Inactivated polio vaccine),1992.0,0.0
SEARO,IPV (Inactivated polio vaccine),1993.0,0.0
SEARO,IPV (Inactivated polio vaccine),1994.0,0.0
SEARO,IPV (Inactivated polio vaccine),1995.0,0.0
SEARO,IPV (Inactivated polio vaccine),1996.0,0.0
SEARO,IPV (Inactivated polio vaccine),1997.0,0.0
SEARO,IPV (Inactivated polio vaccine),1998.0,0.0
SEARO,IPV (Inactivated polio vaccine),1999.0,0.0
SEARO,IPV (Inactivated polio vaccine),2000.0,0.0
SEARO,IPV (Inactivated polio vaccine),2001.0,0.0
SEARO,IPV (Inactivated polio vaccine),2002.0,0.0
SEARO,IPV (Inactivated polio vaccine),2003.0,0.0
SEARO,IPV (Inactivated polio vaccine),2004.0,0.0
SEARO,IPV (Inactivated polio vaccine),2005.0,0.0
SEARO,IPV (Inactivated polio vaccine),2006.0,0.0
SEARO,IPV (Inactivated polio vaccine),2007.0,0.0
SEARO,IPV (Inactivated polio vaccine),2008.0,0.0
SEARO,IPV (Inactivated polio vaccine),2009.0,0.0
SEARO,IPV (Inactivated polio vaccine),2010.0,0.0
SEARO,IPV (Inactivated polio vaccine),2011.0,0.0
SEARO,IPV (Inactivated polio vaccine),2012.0,0.0
SEARO,IPV (Inactivated polio vaccine),2013.0,0.0
SEARO,IPV (Inactivated polio vaccine),2014.0,9.090909090909092
SEARO,IPV (Inactivated polio vaccine),2015.0,81.81818181818183
SEARO,IPV (Inactivated polio vaccine),2016.0,100.0
SEARO,IPV (Inactivated polio vaccine),2017.0,100.0
SEARO,IPV (Inactivated polio vaccine),2018.0,100.0
SEARO,IPV (Inactivated polio vaccine),2019.0,100.0
SEARO,IPV (Inactivated polio vaccine),2020.0,100.0
SEARO,IPV (Inactivated polio vaccine),2021.0,100.0
SEARO,IPV (Inactivated polio vaccine),2022.0,100.0
SEARO,IPV (Inactivated polio vaccine),2023.0,100.0
SEARO,IPV (Inactivated polio vaccine) 2nd dose,1995.0,0.0
SEARO,IPV (Inactivated polio vaccine) 2nd dose,2002.0,0.0
SEARO,IPV (Inactivated polio vaccine) 2nd dose,2003.0,0.0
SEARO,IPV (Inactivated polio vaccine) 2nd dose,2004.0,0.0
SEARO,IPV (Inactivated polio vaccine) 2nd dose,2005.0,0.0
SEARO,IPV (Inactivated polio vaccine) 2nd dose,2006.0,0.0
SEARO,IPV (Inactivated polio vaccine) 2nd dose,2007.0,0.0
SEARO,IPV (Inactivated polio vaccine) 2nd dose,2008.0,0.0
SEARO,IPV (Inactivated polio vaccine) 2nd dose,2009.0,0.0
SEARO,IPV (Inactivated polio vaccine) 2nd dose,2010.0,0.0
SEARO,IPV (Inactivated polio vaccine) 2nd dose,2011.0,0.0
SEARO,IPV (Inactivated polio vaccine) 2nd dose,2012.0,0.0
SEARO,IPV (Inactivated polio vaccine) 2nd dose,2013.0,0.0
SEARO,IPV (Inactivated polio vaccine) 2nd dose,2014.0,0.0
SEARO,IPV (Inactivated polio vaccine) 2nd dose,2015.0,0.0
SEARO,IPV (Inactivated polio vaccine) 2nd dose,2016.0,0.0
SEARO,IPV (Inactivated polio vaccine) 2nd dose,2017.0,0.0
SEARO,IPV (Inactivated polio vaccine) 2nd dose,2018.0,0.0
SEARO,IPV (Inactivated polio vaccine) 2nd dose,2019.0,0.0
SEARO,IPV (Inactivated polio vaccine) 2nd dose,2020.0,0.0
SEARO,IPV (Inactivated polio vaccine) 2nd dose,2021.0,9.090909090909092
SEARO,IPV (Inactivated polio vaccine) 2nd dose,2022.0,9.090909090909092
SEARO,IPV (Inactivated polio vaccine) 2nd dose,2023.0,45.45454545454545
SEARO,Japanese Encephalitis,2001.0,0.0
SEARO,Japanese Encephalitis,2002.0,9.090909090909092
SEARO,Japanese Encephalitis,2003.0,9.090909090909092
SEARO,Japanese Encephalitis,2004.0,9.090909090909092
SEARO,Japanese Encephalitis,2005.0,9.090909090909092
SEARO,Japanese Encephalitis,2006.0,9.090909090909092
SEARO,Japanese Encephalitis,2007.0,9.090909090909092
SEARO,Japanese Encephalitis,2008.0,9.090909090909092
SEARO,Japanese Encephalitis,2009.0,9.090909090909092
SEARO,Japanese Encephalitis,2010.0,9.090909090909092
SEARO,Japanese Encephalitis,2011.0,18.181818181818183
SEARO,Japanese Encephalitis,2012.0,18.181818181818183
SEARO,Japanese Encephalitis,2013.0,18.181818181818183
SEARO,Japanese Encephalitis,2014.0,18.181818181818183
SEARO,Japanese Encephalitis,2015.0,18.181818181818183
SEARO,Japanese Encephalitis,2016.0,18.181818181818183
SEARO,Japanese Encephalitis,2017.0,27.27272727272727
SEARO,Japanese Encephalitis,2018.0,36.36363636363637
SEARO,Japanese Encephalitis,2019.0,36.36363636363637
SEARO,Japanese Encephalitis,2020.0,36.36363636363637
SEARO,Japanese Encephalitis,2021.0,36.36363636363637
SEARO,Japanese Encephalitis,2022.0,36.36363636363637
SEARO,Japanese Encephalitis,2023.0,36.36363636363637
SEARO,Malaria vaccine,2019.0,0.0
SEARO,Malaria vaccine,2020.0,0.0
SEARO,Malaria vaccine,2021.0,0.0
SEARO,Malaria vaccine,2022.0,0.0
SEARO,Malaria vaccine,2023.0,0.0
SEARO,Measles-containing vaccine 2nd dose,1963.0,0.0
SEARO,Measles-containing vaccine 2nd dose,1964.0,0.0
SEARO,Measles-containing vaccine 2nd dose,1965.0,0.0
SEARO,Measles-containing vaccine 2nd dose,1966.0,0.0
SEARO,Measles-containing vaccine 2nd dose,1967.0,0.0
SEARO,Measles-containing vaccine 2nd dose,1968.0,0.0
SEARO,Measles-containing vaccine 2nd dose,1969.0,0.0
SEARO,Measles-containing vaccine 2nd dose,1970.0,0.0
SEARO,Measles-containing vaccine 2nd dose,1971.0,0.0
SEARO,Measles-containing vaccine 2nd dose,1972.0,0.0
SEARO,Measles-containing vaccine 2nd dose,1973.0,0.0
SEARO,Measles-containing vaccine 2nd dose,1974.0,0.0
SEARO,Measles-containing vaccine 2nd dose,1975.0,0.0
SEARO,Measles-containing vaccine 2nd dose,1976.0,0.0
SEARO,Measles-containing vaccine 2nd dose,1977.0,0.0
SEARO,Measles-containing vaccine 2nd dose,1978.0,0.0
SEARO,Measles-containing vaccine 2nd dose,1979.0,0.0
SEARO,Measles-containing vaccine 2nd dose,1980.0,0.0
SEARO,Measles-containing vaccine 2nd dose,1981.0,0.0
SEARO,Measles-containing vaccine 2nd dose,1982.0,0.0
SEARO,Measles-containing vaccine 2nd dose,1983.0,0.0
SEARO,Measles-containing vaccine 2nd dose,1984.0,0.0
SEARO,Measles-containing vaccine 2nd dose,1985.0,0.0
SEARO,Measles-containing vaccine 2nd dose,1986.0,0.0
SEARO,Measles-containing vaccine 2nd dose,1987.0,0.0
SEARO,Measles-containing vaccine 2nd dose,1988.0,0.0
SEARO,Measles-containing vaccine 2nd dose,1989.0,0.0
SEARO,Measles-containing vaccine 2nd dose,1990.0,0.0
SEARO,Measles-containing vaccine 2nd dose,1991.0,0.0
SEARO,Measles-containing vaccine 2nd dose,1992.0,0.0
SEARO,Measles-containing vaccine 2nd dose,1993.0,0.0
SEARO,Measles-containing vaccine 2nd dose,1994.0,0.0
SEARO,Measles-containing vaccine 2nd dose,1995.0,0.0
SEARO,Measles-containing vaccine 2nd dose,1996.0,10.0
SEARO,Measles-containing vaccine 2nd dose,1997.0,10.0
SEARO,Measles-containing vaccine 2nd dose,1998.0,10.0
SEARO,Measles-containing vaccine 2nd dose,1999.0,10.0
SEARO,Measles-containing vaccine 2nd dose,2000.0,10.0
SEARO,Measles-containing vaccine 2nd dose,2001.0,20.0
SEARO,Measles-containing vaccine 2nd dose,2002.0,18.181818181818183
SEARO,Measles-containing vaccine 2nd dose,2003.0,18.181818181818183
SEARO,Measles-containing vaccine 2nd dose,2004.0,18.181818181818183
SEARO,Measles-containing vaccine 2nd dose,2005.0,27.27272727272727
SEARO,Measles-containing vaccine 2nd dose,2006.0,36.36363636363637
SEARO,Measles-containing vaccine 2nd dose,2007.0,45.45454545454545
SEARO,Measles-containing vaccine 2nd dose,2008.0,54.54545454545454
SEARO,Measles-containing vaccine 2nd dose,2009.0,54.54545454545454
SEARO,Measles-containing vaccine 2nd dose,2010.0,54.54545454545454
SEARO,Measles-containing vaccine 2nd dose,2011.0,63.63636363636363
SEARO,Measles-containing vaccine 2nd dose,2012.0,81.81818181818183
SEARO,Measles-containing vaccine 2nd dose,2013.0,81.81818181818183
SEARO,Measles-containing vaccine 2nd dose,2014.0,81.81818181818183
SEARO,Measles-containing vaccine 2nd dose,2015.0,90.9090909090909
SEARO,Measles-containing vaccine 2nd dose,2016.0,100.0
SEARO,Measles-containing vaccine 2nd dose,2017.0,100.0
SEARO,Measles-containing vaccine 2nd dose,2018.0,100.0
SEARO,Measles-containing vaccine 2nd dose,2019.0,100.0
SEARO,Measles-containing vaccine 2nd dose,2020.0,100.0
SEARO,Measles-containing vaccine 2nd dose,2021.0,100.0
SEARO,Measles-containing vaccine 2nd dose,2022.0,100.0
SEARO,Measles-containing vaccine 2nd dose,2023.0,100.0
SEARO,Meningococcal meningitis vaccines (all strains),1999.0,0.0
SEARO,Meningococcal meningitis vaccines (all strains),2000.0,0.0
SEARO,Meningococcal meningitis vaccines (all strains),2001.0,0.0
SEARO,Meningococcal meningitis vaccines (all strains),2002.0,0.0
SEARO,Meningococcal meningitis vaccines (all strains),2003.0,0.0
SEARO,Meningococcal meningitis vaccines (all strains),2004.0,0.0
SEARO,Meningococcal meningitis vaccines (all strains),2005.0,0.0
SEARO,Meningococcal meningitis vaccines (all strains),2006.0,0.0
SEARO,Meningococcal meningitis vaccines (all strains),2007.0,0.0
SEARO,Meningococcal meningitis vaccines (all strains),2008.0,0.0
SEARO,Meningococcal meningitis vaccines (all strains),2009.0,0.0
SEARO,Meningococcal meningitis vaccines (all strains),2010.0,0.0
SEARO,Meningococcal meningitis vaccines (all strains),2011.0,0.0
SEARO,Meningococcal meningitis vaccines (all strains),2012.0,0.0
SEARO,Meningococcal meningitis vaccines (all strains),2013.0,0.0
SEARO,Meningococcal meningitis vaccines (all strains),2014.0,0.0
SEARO,Meningococcal meningitis vaccines (all strains),2015.0,0.0
SEARO,Meningococcal meningitis vaccines (all strains),2016.0,0.0
SEARO,Meningococcal meningitis vaccines (all strains),2017.0,0.0
SEARO,Meningococcal meningitis vaccines (all strains),2018.0,0.0
SEARO,Meningococcal meningitis vaccines (all strains),2019.0,0.0
SEARO,Meningococcal meningitis vaccines (all strains),2020.0,0.0
SEARO,Meningococcal meningitis vaccines (all strains),2021.0,0.0
SEARO,Meningococcal meningitis vaccines (all strains),2022.0,0.0
SEARO,Meningococcal meningitis vaccines (all strains),2023.0,0.0
SEARO,Mumps vaccine,1969.0,0.0
SEARO,Mumps vaccine,1970.0,0.0
SEARO,Mumps vaccine,1971.0,0.0
SEARO,Mumps vaccine,1972.0,0.0
SEARO,Mumps vaccine,1973.0,0.0
SEARO,Mumps vaccine,1974.0,0.0
SEARO,Mumps vaccine,1975.0,0.0
SEARO,Mumps vaccine,1976.0,0.0
SEARO,Mumps vaccine,1977.0,0.0
SEARO,Mumps vaccine,1978.0,0.0
SEARO,Mumps vaccine,1979.0,0.0
SEARO,Mumps vaccine,1980.0,0.0
SEARO,Mumps vaccine,1981.0,0.0
SEARO,Mumps vaccine,1982.0,0.0
SEARO,Mumps vaccine,1983.0,0.0
SEARO,Mumps vaccine,1984.0,0.0
SEARO,Mumps vaccine,1985.0,0.0
SEARO,Mumps vaccine,1986.0,0.0
SEARO,Mumps vaccine,1987.0,0.0
SEARO,Mumps vaccine,1988.0,0.0
SEARO,Mumps vaccine,1989.0,0.0
SEARO,Mumps vaccine,1990.0,0.0
SEARO,Mumps vaccine,1991.0,0.0
SEARO,Mumps vaccine,1992.0,0.0
SEARO,Mumps vaccine,1993.0,0.0
SEARO,Mumps vaccine,1994.0,0.0
SEARO,Mumps vaccine,1995.0,0.0
SEARO,Mumps vaccine,1996.0,0.0
SEARO,Mumps vaccine,1997.0,10.0
SEARO,Mumps vaccine,1998.0,10.0
SEARO,Mumps vaccine,1999.0,10.0
SEARO,Mumps vaccine,2000.0,10.0
SEARO,Mumps vaccine,2001.0,10.0
SEARO,Mumps vaccine,2002.0,9.090909090909092
SEARO,Mumps vaccine,2003.0,9.090909090909092
SEARO,Mumps vaccine,2004.0,9.090909090909092
SEARO,Mumps vaccine,2005.0,9.090909090909092
SEARO,Mumps vaccine,2006.0,9.090909090909092
SEARO,Mumps vaccine,2007.0,18.181818181818183
SEARO,Mumps vaccine,2008.0,18.181818181818183
SEARO,Mumps vaccine,2009.0,18.181818181818183
SEARO,Mumps vaccine,2010.0,18.181818181818183
SEARO,Mumps vaccine,2011.0,27.27272727272727
SEARO,Mumps vaccine,2012.0,27.27272727272727
SEARO,Mumps vaccine,2013.0,27.27272727272727
SEARO,Mumps vaccine,2014.0,27.27272727272727
SEARO,Mumps vaccine,2015.0,27.27272727272727
SEARO,Mumps vaccine,2016.0,36.36363636363637
SEARO,Mumps vaccine,2017.0,36.36363636363637
SEARO,Mumps vaccine,2018.0,36.36363636363637
SEARO,Mumps vaccine,2019.0,36.36363636363637
SEARO,Mumps vaccine,2020.0,36.36363636363637
SEARO,Mumps vaccine,2021.0,36.36363636363637
SEARO,Mumps vaccine,2022.0,36.36363636363637
SEARO,Mumps vaccine,2023.0,36.36363636363637
SEARO,PCV (Pneumococcal conjugate vaccine),2000.0,0.0
SEARO,PCV (Pneumococcal conjugate vaccine),2001.0,0.0
SEARO,PCV (Pneumococcal conjugate vaccine),2002.0,0.0
SEARO,PCV (Pneumococcal conjugate vaccine),2003.0,0.0
SEARO,PCV (Pneumococcal conjugate vaccine),2004.0,0.0
SEARO,PCV (Pneumococcal conjugate vaccine),2005.0,0.0
SEARO,PCV (Pneumococcal conjugate vaccine),2006.0,0.0
SEARO,PCV (Pneumococcal conjugate vaccine),2007.0,0.0
SEARO,PCV (Pneumococcal conjugate vaccine),2008.0,0.0
SEARO,PCV (Pneumococcal conjugate vaccine),2009.0,0.0
SEARO,PCV (Pneumococcal conjugate vaccine),2010.0,0.0
SEARO,PCV (Pneumococcal conjugate vaccine),2011.0,0.0
SEARO,PCV (Pneumococcal conjugate vaccine),2012.0,0.0
SEARO,PCV (Pneumococcal conjugate vaccine),2013.0,0.0
SEARO,PCV (Pneumococcal conjugate vaccine),2014.0,0.0
SEARO,PCV (Pneumococcal conjugate vaccine),2015.0,18.181818181818183
SEARO,PCV (Pneumococcal conjugate vaccine),2016.0,27.27272727272727
SEARO,PCV (Pneumococcal conjugate vaccine),2017.0,27.27272727272727
SEARO,PCV (Pneumococcal conjugate vaccine),2018.0,27.27272727272727
SEARO,PCV (Pneumococcal conjugate vaccine),2019.0,36.36363636363637
SEARO,PCV (Pneumococcal conjugate vaccine),2020.0,36.36363636363637
SEARO,PCV (Pneumococcal conjugate vaccine),2021.0,45.45454545454545
SEARO,PCV (Pneumococcal conjugate vaccine),2022.0,54.54545454545454
SEARO,PCV (Pneumococcal conjugate vaccine),2023.0,63.63636363636363
SEARO,PPV (Pneumococcal polysaccharide vaccine),1999.0,0.0
SEARO,PPV (Pneumococcal polysaccharide vaccine),2000.0,0.0
SEARO,PPV (Pneumococcal polysaccharide vaccine),2001.0,0.0
SEARO,PPV (Pneumococcal polysaccharide vaccine),2002.0,0.0
SEARO,PPV (Pneumococcal polysaccharide vaccine),2003.0,0.0
SEARO,PPV (Pneumococcal polysaccharide vaccine),2004.0,0.0
SEARO,PPV (Pneumococcal polysaccharide vaccine),2005.0,0.0
SEARO,PPV (Pneumococcal polysaccharide vaccine),2006.0,0.0
SEARO,PPV (Pneumococcal polysaccharide vaccine),2007.0,0.0
SEARO,PPV (Pneumococcal polysaccharide vaccine),2008.0,0.0
SEARO,PPV (Pneumococcal polysaccharide vaccine),2009.0,0.0
SEARO,PPV (Pneumococcal polysaccharide vaccine),2010.0,0.0
SEARO,PPV (Pneumococcal polysaccharide vaccine),2011.0,0.0
SEARO,PPV (Pneumococcal polysaccharide vaccine),2012.0,0.0
SEARO,PPV (Pneumococcal polysaccharide vaccine),2013.0,0.0
SEARO,PPV (Pneumococcal polysaccharide vaccine),2014.0,0.0
SEARO,PPV (Pneumococcal polysaccharide vaccine),2015.0,0.0
SEARO,PPV (Pneumococcal polysaccharide vaccine),2016.0,0.0
SEARO,PPV (Pneumococcal polysaccharide vaccine),2017.0,0.0
SEARO,PPV (Pneumococcal polysaccharide vaccine),2018.0,0.0
SEARO,PPV (Pneumococcal polysaccharide vaccine),2019.0,0.0
SEARO,PPV (Pneumococcal polysaccharide vaccine),2020.0,0.0
SEARO,PPV (Pneumococcal polysaccharide vaccine),2021.0,0.0
SEARO,PPV (Pneumococcal polysaccharide vaccine),2022.0,0.0
SEARO,PPV (Pneumococcal polysaccharide vaccine),2023.0,0.0
SEARO,Rotavirus vaccine,2006.0,0.0
SEARO,Rotavirus vaccine,2007.0,0.0
SEARO,Rotavirus vaccine,2008.0,0.0
SEARO,Rotavirus vaccine,2009.0,0.0
SEARO,Rotavirus vaccine,2010.0,0.0
SEARO,Rotavirus vaccine,2011.0,0.0
SEARO,Rotavirus vaccine,2012.0,0.0
SEARO,Rotavirus vaccine,2013.0,0.0
SEARO,Rotavirus vaccine,2014.0,0.0
SEARO,Rotavirus vaccine,2015.0,0.0
SEARO,Rotavirus vaccine,2016.0,0.0
SEARO,Rotavirus vaccine,2017.0,0.0
SEARO,Rotavirus vaccine,2018.0,0.0
SEARO,Rotavirus vaccine,2019.0,18.181818181818183
SEARO,Rotavirus vaccine,2020.0,45.45454545454545
SEARO,Rotavirus vaccine,2021.0,45.45454545454545
SEARO,Rotavirus vaccine,2022.0,45.45454545454545
SEARO,Rotavirus vaccine,2023.0,54.54545454545454
SEARO,Rubella vaccine,1969.0,0.0
SEARO,Rubella vaccine,1970.0,0.0
SEARO,Rubella vaccine,1971.0,0.0
SEARO,Rubella vaccine,1972.0,0.0
SEARO,Rubella vaccine,1973.0,0.0
SEARO,Rubella vaccine,1974.0,0.0
SEARO,Rubella vaccine,1975.0,0.0
SEARO,Rubella vaccine,1976.0,0.0
SEARO,Rubella vaccine,1977.0,0.0
SEARO,Rubella vaccine,1978.0,0.0
SEARO,Rubella vaccine,1979.0,0.0
SEARO,Rubella vaccine,1980.0,0.0
SEARO,Rubella vaccine,1981.0,0.0
SEARO,Rubella vaccine,1982.0,0.0
SEARO,Rubella vaccine,1983.0,0.0
SEARO,Rubella vaccine,1984.0,0.0
SEARO,Rubella vaccine,1985.0,0.0
SEARO,Rubella vaccine,1986.0,0.0
SEARO,Rubella vaccine,1987.0,0.0
SEARO,Rubella vaccine,1988.0,0.0
SEARO,Rubella vaccine,1989.0,0.0
SEARO,Rubella vaccine,1990.0,0.0
SEARO,Rubella vaccine,1991.0,0.0
SEARO,Rubella vaccine,1992.0,0.0
SEARO,Rubella vaccine,1993.0,0.0
SEARO,Rubella vaccine,1994.0,0.0
SEARO,Rubella vaccine,1995.0,0.0
SEARO,Rubella vaccine,1996.0,0.0
SEARO,Rubella vaccine,1997.0,10.0
SEARO,Rubella vaccine,1998.0,10.0
SEARO,Rubella vaccine,1999.0,10.0
SEARO,Rubella vaccine,2000.0,10.0
SEARO,Rubella vaccine,2001.0,20.0
SEARO,Rubella vaccine,2002.0,18.181818181818183
SEARO,Rubella vaccine,2003.0,18.181818181818183
SEARO,Rubella vaccine,2004.0,18.181818181818183
SEARO,Rubella vaccine,2005.0,18.181818181818183
SEARO,Rubella vaccine,2006.0,27.27272727272727
SEARO,Rubella vaccine,2007.0,36.36363636363637
SEARO,Rubella vaccine,2008.0,36.36363636363637
SEARO,Rubella vaccine,2009.0,36.36363636363637
SEARO,Rubella vaccine,2010.0,36.36363636363637
SEARO,Rubella vaccine,2011.0,36.36363636363637
SEARO,Rubella vaccine,2012.0,45.45454545454545
SEARO,Rubella vaccine,2013.0,54.54545454545454
SEARO,Rubella vaccine,2014.0,54.54545454545454
SEARO,Rubella vaccine,2015.0,63.63636363636363
SEARO,Rubella vaccine,2016.0,72.72727272727273
SEARO,Rubella vaccine,2017.0,72.72727272727273
SEARO,Rubella vaccine,2018.0,90.9090909090909
SEARO,Rubella vaccine,2019.0,100.0
SEARO,Rubella vaccine,2020.0,100.0
SEARO,Rubella vaccine,2021.0,100.0
SEARO,Rubella vaccine,2022.0,100.0
SEARO,Rubella vaccine,2023.0,100.0
SEARO,Seasonal Influenza vaccine,1940.0,0.0
SEARO,Seasonal Influenza vaccine,1941.0,0.0
SEARO,Seasonal Influenza vaccine,1942.0,0.0
SEARO,Seasonal Influenza vaccine,1943.0,0.0
SEARO,Seasonal Influenza vaccine,1944.0,0.0
SEARO,Seasonal Influenza vaccine,1945.0,0.0
SEARO,Seasonal Influenza vaccine,1946.0,0.0
SEARO,Seasonal Influenza vaccine,1947.0,0.0
SEARO,Seasonal Influenza vaccine,1948.0,0.0
SEARO,Seasonal Influenza vaccine,1949.0,0.0
SEARO,Seasonal Influenza vaccine,1950.0,0.0
SEARO,Seasonal Influenza vaccine,1951.0,0.0
SEARO,Seasonal Influenza vaccine,1952.0,0.0
SEARO,Seasonal Influenza vaccine,1953.0,0.0
SEARO,Seasonal Influenza vaccine,1954.0,0.0
SEARO,Seasonal Influenza vaccine,1955.0,0.0
SEARO,Seasonal Influenza vaccine,1956.0,0.0
SEARO,Seasonal Influenza vaccine,1957.0,0.0
SEARO,Seasonal Influenza vaccine,1958.0,0.0
SEARO,Seasonal Influenza vaccine,1959.0,0.0
SEARO,Seasonal Influenza vaccine,1960.0,0.0
SEARO,Seasonal Influenza vaccine,1961.0,0.0
SEARO,Seasonal Influenza vaccine,1962.0,0.0
SEARO,Seasonal Influenza vaccine,1963.0,0.0
SEARO,Seasonal Influenza vaccine,1964.0,0.0
SEARO,Seasonal Influenza vaccine,1965.0,0.0
SEARO,Seasonal Influenza vaccine,1966.0,0.0
SEARO,Seasonal Influenza vaccine,1967.0,0.0
SEARO,Seasonal Influenza vaccine,1968.0,0.0
SEARO,Seasonal Influenza vaccine,1969.0,0.0
SEARO,Seasonal Influenza vaccine,1970.0,0.0
SEARO,Seasonal Influenza vaccine,1971.0,0.0
SEARO,Seasonal Influenza vaccine,1972.0,0.0
SEARO,Seasonal Influenza vaccine,1973.0,0.0
SEARO,Seasonal Influenza vaccine,1974.0,0.0
SEARO,Seasonal Influenza vaccine,1975.0,0.0
SEARO,Seasonal Influenza vaccine,1976.0,0.0
SEARO,Seasonal Influenza vaccine,1977.0,0.0
SEARO,Seasonal Influenza vaccine,1978.0,0.0
SEARO,Seasonal Influenza vaccine,1979.0,0.0
SEARO,Seasonal Influenza vaccine,1980.0,0.0
SEARO,Seasonal Influenza vaccine,1981.0,0.0
SEARO,Seasonal Influenza vaccine,1982.0,0.0
SEARO,Seasonal Influenza vaccine,1983.0,0.0
SEARO,Seasonal Influenza vaccine,1984.0,0.0
SEARO,Seasonal Influenza vaccine,1985.0,0.0
SEARO,Seasonal Influenza vaccine,1986.0,0.0
SEARO,Seasonal Influenza vaccine,1987.0,0.0
SEARO,Seasonal Influenza vaccine,1988.0,0.0
SEARO,Seasonal Influenza vaccine,1989.0,0.0
SEARO,Seasonal Influenza vaccine,1990.0,0.0
SEARO,Seasonal Influenza vaccine,1991.0,0.0
SEARO,Seasonal Influenza vaccine,1992.0,0.0
SEARO,Seasonal Influenza vaccine,1993.0,0.0
SEARO,Seasonal Influenza vaccine,1994.0,0.0
SEARO,Seasonal Influenza vaccine,1995.0,0.0
SEARO,Seasonal Influenza vaccine,1996.0,0.0
SEARO,Seasonal Influenza vaccine,1997.0,0.0
SEARO,Seasonal Influenza vaccine,1998.0,0.0
SEARO,Seasonal Influenza vaccine,1999.0,0.0
SEARO,Seasonal Influenza vaccine,2000.0,0.0
SEARO,Seasonal Influenza vaccine,2001.0,0.0
SEARO,Seasonal Influenza vaccine,2002.0,0.0
SEARO,Seasonal Influenza vaccine,2003.0,0.0
SEARO,Seasonal Influenza vaccine,2004.0,0.0
SEARO,Seasonal Influenza vaccine,2005.0,0.0
SEARO,Seasonal Influenza vaccine,2006.0,0.0
SEARO,Seasonal Influenza vaccine,2007.0,0.0
SEARO,Seasonal Influenza vaccine,2008.0,18.181818181818183
SEARO,Seasonal Influenza vaccine,2009.0,18.181818181818183
SEARO,Seasonal Influenza vaccine,2010.0,18.181818181818183
SEARO,Seasonal Influenza vaccine,2011.0,18.181818181818183
SEARO,Seasonal Influenza vaccine,2012.0,18.181818181818183
SEARO,Seasonal Influenza vaccine,2013.0,18.181818181818183
SEARO,Seasonal Influenza vaccine,2014.0,18.181818181818183
SEARO,Seasonal Influenza vaccine,2015.0,18.181818181818183
SEARO,Seasonal Influenza vaccine,2016.0,18.181818181818183
SEARO,Seasonal Influenza vaccine,2017.0,18.181818181818183
SEARO,Seasonal Influenza vaccine,2018.0,18.181818181818183
SEARO,Seasonal Influenza vaccine,2019.0,18.181818181818183
SEARO,Seasonal Influenza vaccine,2020.0,18.181818181818183
SEARO,Seasonal Influenza vaccine,2021.0,36.36363636363637
SEARO,Seasonal Influenza vaccine,2022.0,45.45454545454545
SEARO,Seasonal Influenza vaccine,2023.0,45.45454545454545
SEARO,Typhoid,2002.0,0.0
SEARO,Typhoid,2003.0,0.0
SEARO,Typhoid,2004.0,0.0
SEARO,Typhoid,2005.0,0.0
SEARO,Typhoid,2006.0,0.0
SEARO,Typhoid,2007.0,0.0
SEARO,Typhoid,2008.0,0.0
SEARO,Typhoid,2009.0,0.0
SEARO,Typhoid,2010.0,0.0
SEARO,Typhoid,2011.0,0.0
SEARO,Typhoid,2012.0,0.0
SEARO,Typhoid,2013.0,0.0
SEARO,Typhoid,2014.0,0.0
SEARO,Typhoid,2015.0,0.0
SEARO,Typhoid,2016.0,0.0
SEARO,Typhoid,2017.0,0.0
SEARO,Typhoid,2018.0,0.0
SEARO,Typhoid,2019.0,0.0
SEARO,Typhoid,2020.0,0.0
SEARO,Typhoid,2021.0,0.0
SEARO,Typhoid,2022.0,9.090909090909092
SEARO,Typhoid,2023.0,9.090909090909092
SEARO,Varicella vaccine,2001.0,0.0
SEARO,Varicella vaccine,2002.0,0.0
SEARO,Varicella vaccine,2003.0,0.0
SEARO,Varicella vaccine,2004.0,0.0
SEARO,Varicella vaccine,2005.0,0.0
SEARO,Varicella vaccine,2006.0,0.0
SEARO,Varicella vaccine,2007.0,0.0
SEARO,Varicella vaccine,2008.0,0.0
SEARO,Varicella vaccine,2009.0,0.0
SEARO,Varicella vaccine,2010.0,0.0
SEARO,Varicella vaccine,2011.0,0.0
SEARO,Varicella vaccine,2012.0,0.0
SEARO,Varicella vaccine,2013.0,0.0
SEARO,Varicella vaccine,2014.0,0.0
SEARO,Varicella vaccine,2015.0,0.0
SEARO,Varicella vaccine,2016.0,0.0
SEARO,Varicella vaccine,2017.0,0.0
SEARO,Varicella vaccine,2018.0,0.0
SEARO,Varicella vaccine,2019.0,0.0
SEARO,Varicella vaccine,2020.0,0.0
SEARO,Varicella vaccine,2021.0,0.0
SEARO,Varicella vaccine,2022.0,0.0
SEARO,Varicella vaccine,2023.0,0.0
SEARO,YF (Yellow fever) vaccine,1967.0,0.0
SEARO,YF (Yellow fever) vaccine,1968.0,0.0
SEARO,YF (Yellow fever) vaccine,1969.0,0.0
SEARO,YF (Yellow fever) vaccine,1970.0,0.0
SEARO,YF (Yellow fever) vaccine,1971.0,0.0
SEARO,YF (Yellow fever) vaccine,1972.0,0.0
SEARO,YF (Yellow fever) vaccine,1973.0,0.0
SEARO,YF (Yellow fever) vaccine,1974.0,0.0
SEARO,YF (Yellow fever) vaccine,1975.0,0.0
SEARO,YF (Yellow fever) vaccine,1976.0,0.0
SEARO,YF (Yellow fever) vaccine,1977.0,0.0
SEARO,YF (Yellow fever) vaccine,1978.0,0.0
SEARO,YF (Yellow fever) vaccine,1979.0,0.0
SEARO,YF (Yellow fever) vaccine,1980.0,0.0
SEARO,YF (Yellow fever) vaccine,1981.0,0.0
SEARO,YF (Yellow fever) vaccine,1982.0,0.0
SEARO,YF (Yellow fever) vaccine,1983.0,0.0
SEARO,YF (Yellow fever) vaccine,1984.0,0.0
SEARO,YF (Yellow fever) vaccine,1985.0,0.0
SEARO,YF (Yellow fever) vaccine,1986.0,0.0
SEARO,YF (Yellow fever) vaccine,1987.0,0.0
SEARO,YF (Yellow fever) vaccine,1988.0,0.0
SEARO,YF (Yellow fever) vaccine,1989.0,0.0
SEARO,YF (Yellow fever) vaccine,1990.0,0.0
SEARO,YF (Yellow fever) vaccine,1991.0,0.0
SEARO,YF (Yellow fever) vaccine,1992.0,0.0
SEARO,YF (Yellow fever) vaccine,1993.0,0.0
SEARO,YF (Yellow fever) vaccine,1994.0,0.0
SEARO,YF (Yellow fever) vaccine,1995.0,0.0
SEARO,YF (Yellow fever) vaccine,1996.0,0.0
SEARO,YF (Yellow fever) vaccine,1997.0,0.0
SEARO,YF (Yellow fever) vaccine,1998.0,0.0
SEARO,YF (Yellow fever) vaccine,1999.0,0.0
SEARO,YF (Yellow fever) vaccine,2000.0,0.0
SEARO,YF (Yellow fever) vaccine,2001.0,0.0
SEARO,YF (Yellow fever) vaccine,2002.0,0.0
SEARO,YF (Yellow fever) vaccine,2003.0,0.0
SEARO,YF (Yellow fever) vaccine,2004.0,0.0
SEARO,YF (Yellow fever) vaccine,2005.0,0.0
SEARO,YF (Yellow fever) vaccine,2006.0,0.0
SEARO,YF (Yellow fever) vaccine,2007.0,0.0
SEARO,YF (Yellow fever) vaccine,2008.0,0.0
SEARO,YF (Yellow fever) vaccine,2009.0,0.0
SEARO,YF (Yellow fever) vaccine,2010.0,0.0
SEARO,YF (Yellow fever) vaccine,2011.0,0.0
SEARO,YF (Yellow fever) vaccine,2012.0,0.0
SEARO,YF (Yellow fever) vaccine,2013.0,0.0
SEARO,YF (Yellow fever) vaccine,2014.0,0.0
SEARO,YF (Yellow fever) vaccine,2015.0,0.0
SEARO,YF (Yellow fever) vaccine,2016.0,0.0
SEARO,YF (Yellow fever) vaccine,2017.0,0.0
SEARO,YF (Yellow fever) vaccine,2018.0,0.0
SEARO,YF (Yellow fever) vaccine,2019.0,0.0
SEARO,YF (Yellow fever) vaccine,2020.0,0.0
SEARO,YF (Yellow fever) vaccine,2021.0,0.0
SEARO,YF (Yellow fever) vaccine,2022.0,0.0
SEARO,YF (Yellow fever) vaccine,2023.0,0.0
SEARO,aP (acellular pertussis) vaccine,2001.0,0.0
SEARO,aP (acellular pertussis) vaccine,2002.0,0.0
SEARO,aP (acellular pertussis) vaccine,2003.0,0.0
SEARO,aP (acellular pertussis) vaccine,2004.0,0.0
SEARO,aP (acellular pertussis) vaccine,2005.0,0.0
SEARO,aP (acellular pertussis) vaccine,2006.0,0.0
SEARO,aP (acellular pertussis) vaccine,2007.0,0.0
SEARO,aP (acellular pertussis) vaccine,2008.0,0.0
SEARO,aP (acellular pertussis) vaccine,2009.0,0.0
SEARO,aP (acellular pertussis) vaccine,2010.0,0.0
SEARO,aP (acellular pertussis) vaccine,2011.0,0.0
SEARO,aP (acellular pertussis) vaccine,2012.0,0.0
SEARO,aP (acellular pertussis) vaccine,2013.0,0.0
SEARO,aP (acellular pertussis) vaccine,2014.0,0.0
SEARO,aP (acellular pertussis) vaccine,2015.0,0.0
SEARO,aP (acellular pertussis) vaccine,2016.0,0.0
SEARO,aP (acellular pertussis) vaccine,2017.0,0.0
SEARO,aP (acellular pertussis) vaccine,2018.0,9.090909090909092
SEARO,aP (acellular pertussis) vaccine,2019.0,9.090909090909092
SEARO,aP (acellular pertussis) vaccine,2020.0,9.090909090909092
SEARO,aP (acellular pertussis) vaccine,2021.0,9.090909090909092
SEARO,aP (acellular pertussis) vaccine,2022.0,0.0
SEARO,aP (acellular pertussis) vaccine,2023.0,0.0
WPRO,HPV (Human Papilloma Virus) vaccine,2006.0,0.0
WPRO,HPV (Human Papilloma Virus) vaccine,2007.0,3.7037037037037033
WPRO,HPV (Human Papilloma Virus) vaccine,2008.0,11.11111111111111
WPRO,HPV (Human Papilloma Virus) vaccine,2009.0,14.814814814814813
WPRO,HPV (Human Papilloma Virus) vaccine,2010.0,25.925925925925924
WPRO,HPV (Human Papilloma Virus) vaccine,2011.0,33.33333333333333
WPRO,HPV (Human Papilloma Virus) vaccine,2012.0,37.03703703703704
WPRO,HPV (Human Papilloma Virus) vaccine,2013.0,40.74074074074074
WPRO,HPV (Human Papilloma Virus) vaccine,2014.0,40.74074074074074
WPRO,HPV (Human Papilloma Virus) vaccine,2015.0,40.74074074074074
WPRO,HPV (Human Papilloma Virus) vaccine,2016.0,44.44444444444444
WPRO,HPV (Human Papilloma Virus) vaccine,2017.0,44.44444444444444
WPRO,HPV (Human Papilloma Virus) vaccine,2018.0,44.44444444444444
WPRO,HPV (Human Papilloma Virus) vaccine,2019.0,51.85185185185185
WPRO,HPV (Human Papilloma Virus) vaccine,2020.0,55.55555555555556
WPRO,HPV (Human Papilloma Virus) vaccine,2021.0,62.96296296296296
WPRO,HPV (Human Papilloma Virus) vaccine,2022.0,70.37037037037037
WPRO,HPV (Human Papilloma Virus) vaccine,2023.0,81.48148148148148
WPRO,HepB birth dose,1989.0,0.0
WPRO,HepB birth dose,1990.0,0.0
WPRO,HepB birth dose,1991.0,0.0
WPRO,HepB birth dose,1992.0,0.0
WPRO,HepB birth dose,1993.0,0.0
WPRO,HepB birth dose,1994.0,0.0
WPRO,HepB birth dose,1995.0,0.0
WPRO,HepB birth dose,1996.0,0.0
WPRO,HepB birth dose,1997.0,0.0
WPRO,HepB birth dose,1998.0,55.55555555555556
WPRO,HepB birth dose,1999.0,59.25925925925925
WPRO,HepB birth dose,2000.0,62.96296296296296
WPRO,HepB birth dose,2001.0,66.66666666666666
WPRO,HepB birth dose,2002.0,77.77777777777779
WPRO,HepB birth dose,2003.0,81.48148148148148
WPRO,HepB birth dose,2004.0,85.18518518518519
WPRO,HepB birth dose,2005.0,85.18518518518519
WPRO,HepB birth dose,2006.0,88.88888888888889
WPRO,HepB birth dose,2007.0,88.88888888888889
WPRO,HepB birth dose,2008.0,88.88888888888889
WPRO,HepB birth dose,2009.0,92.5925925925926
WPRO,HepB birth dose,2010.0,92.5925925925926
WPRO,HepB birth dose,2011.0,92.5925925925926
WPRO,HepB birth dose,2012.0,92.5925925925926
WPRO,HepB birth dose,2013.0,92.5925925925926
WPRO,HepB birth dose,2014.0,92.5925925925926
WPRO,HepB birth dose,2015.0,92.5925925925926
WPRO,HepB birth dose,2016.0,92.5925925925926
WPRO,HepB birth dose,2017.0,92.5925925925926
WPRO,HepB birth dose,2018.0,92.5925925925926
WPRO,HepB birth dose,2019.0,92.5925925925926
WPRO,HepB birth dose,2020.0,92.5925925925926
WPRO,HepB birth dose,2021.0,92.5925925925926
WPRO,HepB birth dose,2022.0,92.5925925925926
WPRO,HepB birth dose,2023.0,92.5925925925926
WPRO,Hepatitis A vaccine,2002.0,0.0
WPRO,Hepatitis A vaccine,2003.0,0.0
WPRO,Hepatitis A vaccine,2004.0,0.0
WPRO,Hepatitis A vaccine,2005.0,0.0
WPRO,Hepatitis A vaccine,2006.0,0.0
WPRO,Hepatitis A vaccine,2007.0,3.7037037037037033
WPRO,Hepatitis A vaccine,2008.0,3.7037037037037033
WPRO,Hepatitis A vaccine,2009.0,3.7037037037037033
WPRO,Hepatitis A vaccine,2010.0,3.7037037037037033
WPRO,Hepatitis A vaccine,2011.0,3.7037037037037033
WPRO,Hepatitis A vaccine,2012.0,3.7037037037037033
WPRO,Hepatitis A vaccine,2013.0,7.4074074074074066
WPRO,Hepatitis A vaccine,2014.0,7.4074074074074066
WPRO,Hepatitis A vaccine,2015.0,7.4074074074074066
WPRO,Hepatitis A vaccine,2016.0,7.4074074074074066
WPRO,Hepatitis A vaccine,2017.0,11.11111111111111
WPRO,Hepatitis A vaccine,2018.0,11.11111111111111
WPRO,Hepatitis A vaccine,2019.0,11.11111111111111
WPRO,Hepatitis A vaccine,2020.0,11.11111111111111
WPRO,Hepatitis A vaccine,2021.0,11.11111111111111
WPRO,Hepatitis A vaccine,2022.0,11.11111111111111
WPRO,Hepatitis A vaccine,2023.0,11.11111111111111
WPRO,Hepatitis B vaccine,1982.0,0.0
WPRO,Hepatitis B vaccine,1983.0,0.0
WPRO,Hepatitis B vaccine,1984.0,0.0
WPRO,Hepatitis B vaccine,1985.0,0.0
WPRO,Hepatitis B vaccine,1986.0,3.8461538461538463
WPRO,Hepatitis B vaccine,1987.0,7.4074074074074066
WPRO,Hepatitis B vaccine,1988.0,25.925925925925924
WPRO,Hepatitis B vaccine,1989.0,40.74074074074074
WPRO,Hepatitis B vaccine,1990.0,44.44444444444444
WPRO,Hepatitis B vaccine,1991.0,51.85185185185185
WPRO,Hepatitis B vaccine,1992.0,55.55555555555556
WPRO,Hepatitis B vaccine,1993.0,59.25925925925925
WPRO,Hepatitis B vaccine,1994.0,59.25925925925925
WPRO,Hepatitis B vaccine,1995.0,74.07407407407408
WPRO,Hepatitis B vaccine,1996.0,74.07407407407408
WPRO,Hepatitis B vaccine,1997.0,74.07407407407408
WPRO,Hepatitis B vaccine,1998.0,77.77777777777779
WPRO,Hepatitis B vaccine,1999.0,77.77777777777779
WPRO,Hepatitis B vaccine,2000.0,81.48148148148148
WPRO,Hepatitis B vaccine,2001.0,81.48148148148148
WPRO,Hepatitis B vaccine,2002.0,85.18518518518519
WPRO,Hepatitis B vaccine,2003.0,88.88888888888889
WPRO,Hepatitis B vaccine,2004.0,92.5925925925926
WPRO,Hepatitis B vaccine,2005.0,92.5925925925926
WPRO,Hepatitis B vaccine,2006.0,96.29629629629629
WPRO,Hepatitis B vaccine,2007.0,96.29629629629629
WPRO,Hepatitis B vaccine,2008.0,96.29629629629629
WPRO,Hepatitis B vaccine,2009.0,96.29629629629629
WPRO,Hepatitis B vaccine,2010.0,96.29629629629629
WPRO,Hepatitis B vaccine,2011.0,96.29629629629629
WPRO,Hepatitis B vaccine,2012.0,96.29629629629629
WPRO,Hepatitis B vaccine,2013.0,96.29629629629629
WPRO,Hepatitis B vaccine,2014.0,96.29629629629629
WPRO,Hepatitis B vaccine,2015.0,96.29629629629629
WPRO,Hepatitis B vaccine,2016.0,100.0
WPRO,Hepatitis B vaccine,2017.0,100.0
WPRO,Hepatitis B vaccine,2018.0,100.0
WPRO,Hepatitis B vaccine,2019.0,100.0
WPRO,Hepatitis B vaccine,2020.0,100.0
WPRO,Hepatitis B vaccine,2021.0,100.0
WPRO,Hepatitis B vaccine,2022.0,100.0
WPRO,Hepatitis B vaccine,2023.0,100.0
WPRO,Hib (Haemophilus influenzae type B) vaccine,1986.0,0.0
WPRO,Hib (Haemophilus influenzae type B) vaccine,1987.0,0.0
WPRO,Hib (Haemophilus influenzae type B) vaccine,1988.0,0.0
WPRO,Hib (Haemophilus influenzae type B) vaccine,1989.0,0.0
WPRO,Hib (Haemophilus influenzae type B) vaccine,1990.0,0.0
WPRO,Hib (Haemophilus influenzae type B) vaccine,1991.0,0.0
WPRO,Hib (Haemophilus influenzae type B) vaccine,1992.0,0.0
WPRO,Hib (Haemophilus influenzae type B) vaccine,1993.0,3.7037037037037033
WPRO,Hib (Haemophilus influenzae type B) vaccine,1994.0,7.4074074074074066
WPRO,Hib (Haemophilus influenzae type B) vaccine,1995.0,7.4074074074074066
WPRO,Hib (Haemophilus influenzae type B) vaccine,1996.0,11.11111111111111
WPRO,Hib (Haemophilus influenzae type B) vaccine,1997.0,14.814814814814813
WPRO,Hib (Haemophilus influenzae type B) vaccine,1998.0,25.925925925925924
WPRO,Hib (Haemophilus influenzae type B) vaccine,1999.0,25.925925925925924
WPRO,Hib (Haemophilus influenzae type B) vaccine,2000.0,25.925925925925924
WPRO,Hib (Haemophilus influenzae type B) vaccine,2001.0,25.925925925925924
WPRO,Hib (Haemophilus influenzae type B) vaccine,2002.0,33.33333333333333
WPRO,Hib (Haemophilus influenzae type B) vaccine,2003.0,33.33333333333333
WPRO,Hib (Haemophilus influenzae type B) vaccine,2004.0,33.33333333333333
WPRO,Hib (Haemophilus influenzae type B) vaccine,2005.0,37.03703703703704
WPRO,Hib (Haemophilus influenzae type B) vaccine,2006.0,37.03703703703704
WPRO,Hib (Haemophilus influenzae type B) vaccine,2007.0,40.74074074074074
WPRO,Hib (Haemophilus influenzae type B) vaccine,2008.0,55.55555555555556
WPRO,Hib (Haemophilus influenzae type B) vaccine,2009.0,70.37037037037037
WPRO,Hib (Haemophilus influenzae type B) vaccine,2010.0,77.77777777777779
WPRO,Hib (Haemophilus influenzae type B) vaccine,2011.0,85.18518518518519
WPRO,Hib (Haemophilus influenzae type B) vaccine,2012.0,88.88888888888889
WPRO,Hib (Haemophilus influenzae type B) vaccine,2013.0,96.29629629629629
WPRO,Hib (Haemophilus influenzae type B) vaccine,2014.0,96.29629629629629
WPRO,Hib (Haemophilus influenzae type B) vaccine,2015.0,96.29629629629629
WPRO,Hib (Haemophilus influenzae type B) vaccine,2016.0,96.29629629629629
WPRO,Hib (Haemophilus influenzae type B) vaccine,2017.0,96.29629629629629
WPRO,Hib (Haemophilus influenzae type B) vaccine,2018.0,96.29629629629629
WPRO,Hib (Haemophilus influenzae type B) vaccine,2019.0,96.29629629629629
WPRO,Hib (Haemophilus influenzae type B) vaccine,2020.0,96.29629629629629
WPRO,Hib (Haemophilus influenzae type B) vaccine,2021.0,96.29629629629629
WPRO,Hib (Haemophilus influenzae type B) vaccine,2022.0,96.29629629629629
WPRO,Hib (Haemophilus influenzae type B) vaccine,2023.0,96.29629629629629
WPRO,IPV (Inactivated polio vaccine),1955.0,0.0
WPRO,IPV (Inactivated polio vaccine),1956.0,0.0
WPRO,IPV (Inactivated polio vaccine),1957.0,0.0
WPRO,IPV (Inactivated polio vaccine),1958.0,0.0
WPRO,IPV (Inactivated polio vaccine),1959.0,0.0
WPRO,IPV (Inactivated polio vaccine),1960.0,0.0
WPRO,IPV (Inactivated polio vaccine),1961.0,0.0
WPRO,IPV (Inactivated polio vaccine),1962.0,0.0
WPRO,IPV (Inactivated polio vaccine),1963.0,0.0
WPRO,IPV (Inactivated polio vaccine),1964.0,0.0
WPRO,IPV (Inactivated polio vaccine),1965.0,0.0
WPRO,IPV (Inactivated polio vaccine),1966.0,0.0
WPRO,IPV (Inactivated polio vaccine),1967.0,0.0
WPRO,IPV (Inactivated polio vaccine),1968.0,0.0
WPRO,IPV (Inactivated polio vaccine),1969.0,0.0
WPRO,IPV (Inactivated polio vaccine),1970.0,0.0
WPRO,IPV (Inactivated polio vaccine),1971.0,0.0
WPRO,IPV (Inactivated polio vaccine),1972.0,0.0
WPRO,IPV (Inactivated polio vaccine),1973.0,0.0
WPRO,IPV (Inactivated polio vaccine),1974.0,0.0
WPRO,IPV (Inactivated polio vaccine),1975.0,0.0
WPRO,IPV (Inactivated polio vaccine),1976.0,0.0
WPRO,IPV (Inactivated polio vaccine),1977.0,0.0
WPRO,IPV (Inactivated polio vaccine),1978.0,0.0
WPRO,IPV (Inactivated polio vaccine),1979.0,0.0
WPRO,IPV (Inactivated polio vaccine),1980.0,0.0
WPRO,IPV (Inactivated polio vaccine),1981.0,0.0
WPRO,IPV (Inactivated polio vaccine),1982.0,0.0
WPRO,IPV (Inactivated polio vaccine),1983.0,0.0
WPRO,IPV (Inactivated polio vaccine),1984.0,0.0
WPRO,IPV (Inactivated polio vaccine),1985.0,0.0
WPRO,IPV (Inactivated polio vaccine),1986.0,0.0
WPRO,IPV (Inactivated polio vaccine),1987.0,0.0
WPRO,IPV (Inactivated polio vaccine),1988.0,0.0
WPRO,IPV (Inactivated polio vaccine),1989.0,0.0
WPRO,IPV (Inactivated polio vaccine),1990.0,0.0
WPRO,IPV (Inactivated polio vaccine),1991.0,0.0
WPRO,IPV (Inactivated polio vaccine),1992.0,0.0
WPRO,IPV (Inactivated polio vaccine),1993.0,0.0
WPRO,IPV (Inactivated polio vaccine),1994.0,0.0
WPRO,IPV (Inactivated polio vaccine),1995.0,0.0
WPRO,IPV (Inactivated polio vaccine),1996.0,0.0
WPRO,IPV (Inactivated polio vaccine),1997.0,0.0
WPRO,IPV (Inactivated polio vaccine),1998.0,0.0
WPRO,IPV (Inactivated polio vaccine),1999.0,0.0
WPRO,IPV (Inactivated polio vaccine),2000.0,0.0
WPRO,IPV (Inactivated polio vaccine),2001.0,0.0
WPRO,IPV (Inactivated polio vaccine),2002.0,11.11111111111111
WPRO,IPV (Inactivated polio vaccine),2003.0,11.11111111111111
WPRO,IPV (Inactivated polio vaccine),2004.0,14.814814814814813
WPRO,IPV (Inactivated polio vaccine),2005.0,18.51851851851852
WPRO,IPV (Inactivated polio vaccine),2006.0,18.51851851851852
WPRO,IPV (Inactivated polio vaccine),2007.0,18.51851851851852
WPRO,IPV (Inactivated polio vaccine),2008.0,18.51851851851852
WPRO,IPV (Inactivated polio vaccine),2009.0,22.22222222222222
WPRO,IPV (Inactivated polio vaccine),2010.0,25.925925925925924
WPRO,IPV (Inactivated polio vaccine),2011.0,29.629629629629626
WPRO,IPV (Inactivated polio vaccine),2012.0,33.33333333333333
WPRO,IPV (Inactivated polio vaccine),2013.0,40.74074074074074
WPRO,IPV (Inactivated polio vaccine),2014.0,40.74074074074074
WPRO,IPV (Inactivated polio vaccine),2015.0,88.88888888888889
WPRO,IPV (Inactivated polio vaccine),2016.0,88.88888888888889
WPRO,IPV (Inactivated polio vaccine),2017.0,88.88888888888889
WPRO,IPV (Inactivated polio vaccine),2018.0,92.5925925925926
WPRO,IPV (Inactivated polio vaccine),2019.0,100.0
WPRO,IPV (Inactivated polio vaccine),2020.0,100.0
WPRO,IPV (Inactivated polio vaccine),2021.0,100.0
WPRO,IPV (Inactivated polio vaccine),2022.0,100.0
WPRO,IPV (Inactivated polio vaccine),2023.0,100.0
WPRO,IPV (Inactivated polio vaccine) 2nd dose,1995.0,0.0
WPRO,IPV (Inactivated polio vaccine) 2nd dose,2002.0,7.4074074074074066
WPRO,IPV (Inactivated polio vaccine) 2nd dose,2003.0,14.814814814814813
WPRO,IPV (Inactivated polio vaccine) 2nd dose,2004.0,18.51851851851852
WPRO,IPV (Inactivated polio vaccine) 2nd dose,2005.0,22.22222222222222
WPRO,IPV (Inactivated polio vaccine) 2nd dose,2006.0,22.22222222222222
WPRO,IPV (Inactivated polio vaccine) 2nd dose,2007.0,22.22222222222222
WPRO,IPV (Inactivated polio vaccine) 2nd dose,2008.0,22.22222222222222
WPRO,IPV (Inactivated polio vaccine) 2nd dose,2009.0,25.925925925925924
WPRO,IPV (Inactivated polio vaccine) 2nd dose,2010.0,29.629629629629626
WPRO,IPV (Inactivated polio vaccine) 2nd dose,2011.0,29.629629629629626
WPRO,IPV (Inactivated polio vaccine) 2nd dose,2012.0,37.03703703703704
WPRO,IPV (Inactivated polio vaccine) 2nd dose,2013.0,40.74074074074074
WPRO,IPV (Inactivated polio vaccine) 2nd dose,2014.0,40.74074074074074
WPRO,IPV (Inactivated polio vaccine) 2nd dose,2015.0,44.44444444444444
WPRO,IPV (Inactivated polio vaccine) 2nd dose,2016.0,44.44444444444444
WPRO,IPV (Inactivated polio vaccine) 2nd dose,2017.0,44.44444444444444
WPRO,IPV (Inactivated polio vaccine) 2nd dose,2018.0,44.44444444444444
WPRO,IPV (Inactivated polio vaccine) 2nd dose,2019.0,48.148148148148145
WPRO,IPV (Inactivated polio vaccine) 2nd dose,2020.0,48.148148148148145
WPRO,IPV (Inactivated polio vaccine) 2nd dose,2021.0,51.85185185185185
WPRO,IPV (Inactivated polio vaccine) 2nd dose,2022.0,55.55555555555556
WPRO,IPV (Inactivated polio vaccine) 2nd dose,2023.0,59.25925925925925
WPRO,Japanese Encephalitis,2001.0,0.0
WPRO,Japanese Encephalitis,2002.0,3.7037037037037033
WPRO,Japanese Encephalitis,2003.0,3.7037037037037033
WPRO,Japanese Encephalitis,2004.0,3.7037037037037033
WPRO,Japanese Encephalitis,2005.0,3.7037037037037033
WPRO,Japanese Encephalitis,2006.0,3.7037037037037033
WPRO,Japanese Encephalitis,2007.0,7.4074074074074066
WPRO,Japanese Encephalitis,2008.0,11.11111111111111
WPRO,Japanese Encephalitis,2009.0,11.11111111111111
WPRO,Japanese Encephalitis,2010.0,11.11111111111111
WPRO,Japanese Encephalitis,2011.0,11.11111111111111
WPRO,Japanese Encephalitis,2012.0,11.11111111111111
WPRO,Japanese Encephalitis,2013.0,11.11111111111111
WPRO,Japanese Encephalitis,2014.0,11.11111111111111
WPRO,Japanese Encephalitis,2015.0,22.22222222222222
WPRO,Japanese Encephalitis,2016.0,22.22222222222222
WPRO,Japanese Encephalitis,2017.0,22.22222222222222
WPRO,Japanese Encephalitis,2018.0,22.22222222222222
WPRO,Japanese Encephalitis,2019.0,22.22222222222222
WPRO,Japanese Encephalitis,2020.0,22.22222222222222
WPRO,Japanese Encephalitis,2021.0,22.22222222222222
WPRO,Japanese Encephalitis,2022.0,22.22222222222222
WPRO,Japanese Encephalitis,2023.0,22.22222222222222
WPRO,Malaria vaccine,2019.0,0.0
WPRO,Malaria vaccine,2020.0,0.0
WPRO,Malaria vaccine,2021.0,0.0
WPRO,Malaria vaccine,2022.0,0.0
WPRO,Malaria vaccine,2023.0,0.0
WPRO,Measles-containing vaccine 2nd dose,1963.0,0.0
WPRO,Measles-containing vaccine 2nd dose,1964.0,0.0
WPRO,Measles-containing vaccine 2nd dose,1965.0,0.0
WPRO,Measles-containing vaccine 2nd dose,1966.0,0.0
WPRO,Measles-containing vaccine 2nd dose,1967.0,0.0
WPRO,Measles-containing vaccine 2nd dose,1968.0,0.0
WPRO,Measles-containing vaccine 2nd dose,1969.0,0.0
WPRO,Measles-containing vaccine 2nd dose,1970.0,0.0
WPRO,Measles-containing vaccine 2nd dose,1971.0,0.0
WPRO,Measles-containing vaccine 2nd dose,1972.0,0.0
WPRO,Measles-containing vaccine 2nd dose,1973.0,0.0
WPRO,Measles-containing vaccine 2nd dose,1974.0,0.0
WPRO,Measles-containing vaccine 2nd dose,1975.0,4.0
WPRO,Measles-containing vaccine 2nd dose,1976.0,4.0
WPRO,Measles-containing vaccine 2nd dose,1977.0,4.0
WPRO,Measles-containing vaccine 2nd dose,1978.0,4.0
WPRO,Measles-containing vaccine 2nd dose,1979.0,4.0
WPRO,Measles-containing vaccine 2nd dose,1980.0,4.0
WPRO,Measles-containing vaccine 2nd dose,1981.0,4.0
WPRO,Measles-containing vaccine 2nd dose,1982.0,8.0
WPRO,Measles-containing vaccine 2nd dose,1983.0,8.0
WPRO,Measles-containing vaccine 2nd dose,1984.0,8.0
WPRO,Measles-containing vaccine 2nd dose,1985.0,8.0
WPRO,Measles-containing vaccine 2nd dose,1986.0,11.538461538461538
WPRO,Measles-containing vaccine 2nd dose,1987.0,11.11111111111111
WPRO,Measles-containing vaccine 2nd dose,1988.0,14.814814814814813
WPRO,Measles-containing vaccine 2nd dose,1989.0,18.51851851851852
WPRO,Measles-containing vaccine 2nd dose,1990.0,18.51851851851852
WPRO,Measles-containing vaccine 2nd dose,1991.0,18.51851851851852
WPRO,Measles-containing vaccine 2nd dose,1992.0,22.22222222222222
WPRO,Measles-containing vaccine 2nd dose,1993.0,22.22222222222222
WPRO,Measles-containing vaccine 2nd dose,1994.0,25.925925925925924
WPRO,Measles-containing vaccine 2nd dose,1995.0,33.33333333333333
WPRO,Measles-containing vaccine 2nd dose,1996.0,33.33333333333333
WPRO,Measles-containing vaccine 2nd dose,1997.0,37.03703703703704
WPRO,Measles-containing vaccine 2nd dose,1998.0,44.44444444444444
WPRO,Measles-containing vaccine 2nd dose,1999.0,44.44444444444444
WPRO,Measles-containing vaccine 2nd dose,2000.0,44.44444444444444
WPRO,Measles-containing vaccine 2nd dose,2001.0,44.44444444444444
WPRO,Measles-containing vaccine 2nd dose,2002.0,51.85185185185185
WPRO,Measles-containing vaccine 2nd dose,2003.0,55.55555555555556
WPRO,Measles-containing vaccine 2nd dose,2004.0,55.55555555555556
WPRO,Measles-containing vaccine 2nd dose,2005.0,66.66666666666666
WPRO,Measles-containing vaccine 2nd dose,2006.0,74.07407407407408
WPRO,Measles-containing vaccine 2nd dose,2007.0,77.77777777777779
WPRO,Measles-containing vaccine 2nd dose,2008.0,77.77777777777779
WPRO,Measles-containing vaccine 2nd dose,2009.0,77.77777777777779
WPRO,Measles-containing vaccine 2nd dose,2010.0,81.48148148148148
WPRO,Measles-containing vaccine 2nd dose,2011.0,81.48148148148148
WPRO,Measles-containing vaccine 2nd dose,2012.0,85.18518518518519
WPRO,Measles-containing vaccine 2nd dose,2013.0,85.18518518518519
WPRO,Measles-containing vaccine 2nd dose,2014.0,85.18518518518519
WPRO,Measles-containing vaccine 2nd dose,2015.0,85.18518518518519
WPRO,Measles-containing vaccine 2nd dose,2016.0,88.88888888888889
WPRO,Measles-containing vaccine 2nd dose,2017.0,92.5925925925926
WPRO,Measles-containing vaccine 2nd dose,2018.0,96.29629629629629
WPRO,Measles-containing vaccine 2nd dose,2019.0,96.29629629629629
WPRO,Measles-containing vaccine 2nd dose,2020.0,96.29629629629629
WPRO,Measles-containing vaccine 2nd dose,2021.0,96.29629629629629
WPRO,Measles-containing vaccine 2nd dose,2022.0,96.29629629629629
WPRO,Measles-containing vaccine 2nd dose,2023.0,100.0
WPRO,Meningococcal meningitis vaccines (all strains),1999.0,0.0
WPRO,Meningococcal meningitis vaccines (all strains),2000.0,0.0
WPRO,Meningococcal meningitis vaccines (all strains),2001.0,0.0
WPRO,Meningococcal meningitis vaccines (all strains),2002.0,0.0
WPRO,Meningococcal meningitis vaccines (all strains),2003.0,0.0
WPRO,Meningococcal meningitis vaccines (all strains),2004.0,0.0
WPRO,Meningococcal meningitis vaccines (all strains),2005.0,0.0
WPRO,Meningococcal meningitis vaccines (all strains),2006.0,0.0
WPRO,Meningococcal meningitis vaccines (all strains),2007.0,0.0
WPRO,Meningococcal meningitis vaccines (all strains),2008.0,3.7037037037037033
WPRO,Meningococcal meningitis vaccines (all strains),2009.0,3.7037037037037033
WPRO,Meningococcal meningitis vaccines (all strains),2010.0,11.11111111111111
WPRO,Meningococcal meningitis vaccines (all strains),2011.0,11.11111111111111
WPRO,Meningococcal meningitis vaccines (all strains),2012.0,11.11111111111111
WPRO,Meningococcal meningitis vaccines (all strains),2013.0,11.11111111111111
WPRO,Meningococcal meningitis vaccines (all strains),2014.0,11.11111111111111
WPRO,Meningococcal meningitis vaccines (all strains),2015.0,11.11111111111111
WPRO,Meningococcal meningitis vaccines (all strains),2016.0,11.11111111111111
WPRO,Meningococcal meningitis vaccines (all strains),2017.0,11.11111111111111
WPRO,Meningococcal meningitis vaccines (all strains),2018.0,11.11111111111111
WPRO,Meningococcal meningitis vaccines (all strains),2019.0,11.11111111111111
WPRO,Meningococcal meningitis vaccines (all strains),2020.0,11.11111111111111
WPRO,Meningococcal meningitis vaccines (all strains),2021.0,11.11111111111111
WPRO,Meningococcal meningitis vaccines (all strains),2022.0,11.11111111111111
WPRO,Meningococcal meningitis vaccines (all strains),2023.0,14.814814814814813
WPRO,Mumps vaccine,1969.0,0.0
WPRO,Mumps vaccine,1970.0,0.0
WPRO,Mumps vaccine,1971.0,0.0
WPRO,Mumps vaccine,1972.0,0.0
WPRO,Mumps vaccine,1973.0,0.0
WPRO,Mumps vaccine,1974.0,0.0
WPRO,Mumps vaccine,1975.0,0.0
WPRO,Mumps vaccine,1976.0,0.0
WPRO,Mumps vaccine,1977.0,0.0
WPRO,Mumps vaccine,1978.0,0.0
WPRO,Mumps vaccine,1979.0,0.0
WPRO,Mumps vaccine,1980.0,0.0
WPRO,Mumps vaccine,1981.0,0.0
WPRO,Mumps vaccine,1982.0,0.0
WPRO,Mumps vaccine,1983.0,0.0
WPRO,Mumps vaccine,1984.0,0.0
WPRO,Mumps vaccine,1985.0,0.0
WPRO,Mumps vaccine,1986.0,0.0
WPRO,Mumps vaccine,1987.0,0.0
WPRO,Mumps vaccine,1988.0,0.0
WPRO,Mumps vaccine,1989.0,0.0
WPRO,Mumps vaccine,1990.0,0.0
WPRO,Mumps vaccine,1991.0,0.0
WPRO,Mumps vaccine,1992.0,0.0
WPRO,Mumps vaccine,1993.0,0.0
WPRO,Mumps vaccine,1994.0,3.7037037037037033
WPRO,Mumps vaccine,1995.0,14.814814814814813
WPRO,Mumps vaccine,1996.0,14.814814814814813
WPRO,Mumps vaccine,1997.0,14.814814814814813
WPRO,Mumps vaccine,1998.0,33.33333333333333
WPRO,Mumps vaccine,1999.0,33.33333333333333
WPRO,Mumps vaccine,2000.0,33.33333333333333
WPRO,Mumps vaccine,2001.0,33.33333333333333
WPRO,Mumps vaccine,2002.0,37.03703703703704
WPRO,Mumps vaccine,2003.0,37.03703703703704
WPRO,Mumps vaccine,2004.0,37.03703703703704
WPRO,Mumps vaccine,2005.0,37.03703703703704
WPRO,Mumps vaccine,2006.0,37.03703703703704
WPRO,Mumps vaccine,2007.0,37.03703703703704
WPRO,Mumps vaccine,2008.0,40.74074074074074
WPRO,Mumps vaccine,2009.0,51.85185185185185
WPRO,Mumps vaccine,2010.0,51.85185185185185
WPRO,Mumps vaccine,2011.0,55.55555555555556
WPRO,Mumps vaccine,2012.0,55.55555555555556
WPRO,Mumps vaccine,2013.0,55.55555555555556
WPRO,Mumps vaccine,2014.0,55.55555555555556
WPRO,Mumps vaccine,2015.0,55.55555555555556
WPRO,Mumps vaccine,2016.0,55.55555555555556
WPRO,Mumps vaccine,2017.0,55.55555555555556
WPRO,Mumps vaccine,2018.0,55.55555555555556
WPRO,Mumps vaccine,2019.0,55.55555555555556
WPRO,Mumps vaccine,2020.0,55.55555555555556
WPRO,Mumps vaccine,2021.0,55.55555555555556
WPRO,Mumps vaccine,2022.0,55.55555555555556
WPRO,Mumps vaccine,2023.0,59.25925925925925
WPRO,PCV (Pneumococcal conjugate vaccine),2000.0,0.0
WPRO,PCV (Pneumococcal conjugate vaccine),2001.0,0.0
WPRO,PCV (Pneumococcal conjugate vaccine),2002.0,0.0
WPRO,PCV (Pneumococcal conjugate vaccine),2003.0,0.0
WPRO,PCV (Pneumococcal conjugate vaccine),2004.0,0.0
WPRO,PCV (Pneumococcal conjugate vaccine),2005.0,3.7037037037037033
WPRO,PCV (Pneumococcal conjugate vaccine),2006.0,3.7037037037037033
WPRO,PCV (Pneumococcal conjugate vaccine),2007.0,3.7037037037037033
WPRO,PCV (Pneumococcal conjugate vaccine),2008.0,14.814814814814813
WPRO,PCV (Pneumococcal conjugate vaccine),2009.0,25.925925925925924
WPRO,PCV (Pneumococcal conjugate vaccine),2010.0,25.925925925925924
WPRO,PCV (Pneumococcal conjugate vaccine),2011.0,29.629629629629626
WPRO,PCV (Pneumococcal conjugate vaccine),2012.0,33.33333333333333
WPRO,PCV (Pneumococcal conjugate vaccine),2013.0,44.44444444444444
WPRO,PCV (Pneumococcal conjugate vaccine),2014.0,48.148148148148145
WPRO,PCV (Pneumococcal conjugate vaccine),2015.0,55.55555555555556
WPRO,PCV (Pneumococcal conjugate vaccine),2016.0,55.55555555555556
WPRO,PCV (Pneumococcal conjugate vaccine),2017.0,55.55555555555556
WPRO,PCV (Pneumococcal conjugate vaccine),2018.0,55.55555555555556
WPRO,PCV (Pneumococcal conjugate vaccine),2019.0,59.25925925925925
WPRO,PCV (Pneumococcal conjugate vaccine),2020.0,66.66666666666666
WPRO,PCV (Pneumococcal conjugate vaccine),2021.0,85.18518518518519
WPRO,PCV (Pneumococcal conjugate vaccine),2022.0,88.88888888888889
WPRO,PCV (Pneumococcal conjugate vaccine),2023.0,88.88888888888889
WPRO,PPV (Pneumococcal polysaccharide vaccine),1999.0,0.0
WPRO,PPV (Pneumococcal polysaccharide vaccine),2000.0,0.0
WPRO,PPV (Pneumococcal polysaccharide vaccine),2001.0,0.0
WPRO,PPV (Pneumococcal polysaccharide vaccine),2002.0,0.0
WPRO,PPV (Pneumococcal polysaccharide vaccine),2003.0,0.0
WPRO,PPV (Pneumococcal polysaccharide vaccine),2004.0,0.0
WPRO,PPV (Pneumococcal polysaccharide vaccine),2005.0,0.0
WPRO,PPV (Pneumococcal polysaccharide vaccine),2006.0,0.0
WPRO,PPV (Pneumococcal polysaccharide vaccine),2007.0,0.0
WPRO,PPV (Pneumococcal polysaccharide vaccine),2008.0,0.0
WPRO,PPV (Pneumococcal polysaccharide vaccine),2009.0,0.0
WPRO,PPV (Pneumococcal polysaccharide vaccine),2010.0,0.0
WPRO,PPV (Pneumococcal polysaccharide vaccine),2011.0,0.0
WPRO,PPV (Pneumococcal polysaccharide vaccine),2012.0,0.0
WPRO,PPV (Pneumococcal polysaccharide vaccine),2013.0,7.4074074074074066
WPRO,PPV (Pneumococcal polysaccharide vaccine),2014.0,7.4074074074074066
WPRO,PPV (Pneumococcal polysaccharide vaccine),2015.0,18.51851851851852
WPRO,PPV (Pneumococcal polysaccharide vaccine),2016.0,18.51851851851852
WPRO,PPV (Pneumococcal polysaccharide vaccine),2017.0,14.814814814814813
WPRO,PPV (Pneumococcal polysaccharide vaccine),2018.0,14.814814814814813
WPRO,PPV (Pneumococcal polysaccharide vaccine),2019.0,14.814814814814813
WPRO,PPV (Pneumococcal polysaccharide vaccine),2020.0,14.814814814814813
WPRO,PPV (Pneumococcal polysaccharide vaccine),2021.0,14.814814814814813
WPRO,PPV (Pneumococcal polysaccharide vaccine),2022.0,14.814814814814813
WPRO,PPV (Pneumococcal polysaccharide vaccine),2023.0,14.814814814814813
WPRO,Rotavirus vaccine,2006.0,0.0
WPRO,Rotavirus vaccine,2007.0,3.7037037037037033
WPRO,Rotavirus vaccine,2008.0,11.11111111111111
WPRO,Rotavirus vaccine,2009.0,14.814814814814813
WPRO,Rotavirus vaccine,2010.0,14.814814814814813
WPRO,Rotavirus vaccine,2011.0,14.814814814814813
WPRO,Rotavirus vaccine,2012.0,18.51851851851852
WPRO,Rotavirus vaccine,2013.0,18.51851851851852
WPRO,Rotavirus vaccine,2014.0,22.22222222222222
WPRO,Rotavirus vaccine,2015.0,25.925925925925924
WPRO,Rotavirus vaccine,2016.0,29.629629629629626
WPRO,Rotavirus vaccine,2017.0,29.629629629629626
WPRO,Rotavirus vaccine,2018.0,29.629629629629626
WPRO,Rotavirus vaccine,2019.0,29.629629629629626
WPRO,Rotavirus vaccine,2020.0,37.03703703703704
WPRO,Rotavirus vaccine,2021.0,55.55555555555556
WPRO,Rotavirus vaccine,2022.0,59.25925925925925
WPRO,Rotavirus vaccine,2023.0,59.25925925925925
WPRO,Rubella vaccine,1969.0,0.0
WPRO,Rubella vaccine,1970.0,4.0
WPRO,Rubella vaccine,1971.0,4.0
WPRO,Rubella vaccine,1972.0,4.0
WPRO,Rubella vaccine,1973.0,4.0
WPRO,Rubella vaccine,1974.0,4.0
WPRO,Rubella vaccine,1975.0,4.0
WPRO,Rubella vaccine,1976.0,4.0
WPRO,Rubella vaccine,1977.0,4.0
WPRO,Rubella vaccine,1978.0,4.0
WPRO,Rubella vaccine,1979.0,4.0
WPRO,Rubella vaccine,1980.0,8.0
WPRO,Rubella vaccine,1981.0,8.0
WPRO,Rubella vaccine,1982.0,12.0
WPRO,Rubella vaccine,1983.0,16.0
WPRO,Rubella vaccine,1984.0,20.0
WPRO,Rubella vaccine,1985.0,20.0
WPRO,Rubella vaccine,1986.0,23.076923076923077
WPRO,Rubella vaccine,1987.0,25.925925925925924
WPRO,Rubella vaccine,1988.0,25.925925925925924
WPRO,Rubella vaccine,1989.0,29.629629629629626
WPRO,Rubella vaccine,1990.0,29.629629629629626
WPRO,Rubella vaccine,1991.0,29.629629629629626
WPRO,Rubella vaccine,1992.0,29.629629629629626
WPRO,Rubella vaccine,1993.0,29.629629629629626
WPRO,Rubella vaccine,1994.0,29.629629629629626
WPRO,Rubella vaccine,1995.0,33.33333333333333
WPRO,Rubella vaccine,1996.0,33.33333333333333
WPRO,Rubella vaccine,1997.0,33.33333333333333
WPRO,Rubella vaccine,1998.0,37.03703703703704
WPRO,Rubella vaccine,1999.0,37.03703703703704
WPRO,Rubella vaccine,2000.0,37.03703703703704
WPRO,Rubella vaccine,2001.0,37.03703703703704
WPRO,Rubella vaccine,2002.0,40.74074074074074
WPRO,Rubella vaccine,2003.0,44.44444444444444
WPRO,Rubella vaccine,2004.0,55.55555555555556
WPRO,Rubella vaccine,2005.0,59.25925925925925
WPRO,Rubella vaccine,2006.0,66.66666666666666
WPRO,Rubella vaccine,2007.0,66.66666666666666
WPRO,Rubella vaccine,2008.0,70.37037037037037
WPRO,Rubella vaccine,2009.0,74.07407407407408
WPRO,Rubella vaccine,2010.0,77.77777777777779
WPRO,Rubella vaccine,2011.0,77.77777777777779
WPRO,Rubella vaccine,2012.0,81.48148148148148
WPRO,Rubella vaccine,2013.0,88.88888888888889
WPRO,Rubella vaccine,2014.0,88.88888888888889
WPRO,Rubella vaccine,2015.0,100.0
WPRO,Rubella vaccine,2016.0,100.0
WPRO,Rubella vaccine,2017.0,100.0
WPRO,Rubella vaccine,2018.0,100.0
WPRO,Rubella vaccine,2019.0,100.0
WPRO,Rubella vaccine,2020.0,100.0
WPRO,Rubella vaccine,2021.0,100.0
WPRO,Rubella vaccine,2022.0,100.0
WPRO,Rubella vaccine,2023.0,100.0
WPRO,Seasonal Influenza vaccine,1940.0,0.0
WPRO,Seasonal Influenza vaccine,1941.0,0.0
WPRO,Seasonal Influenza vaccine,1942.0,0.0
WPRO,Seasonal Influenza vaccine,1943.0,0.0
WPRO,Seasonal Influenza vaccine,1944.0,0.0
WPRO,Seasonal Influenza vaccine,1945.0,0.0
WPRO,Seasonal Influenza vaccine,1946.0,0.0
WPRO,Seasonal Influenza vaccine,1947.0,0.0
WPRO,Seasonal Influenza vaccine,1948.0,0.0
WPRO,Seasonal Influenza vaccine,1949.0,0.0
WPRO,Seasonal Influenza vaccine,1950.0,0.0
WPRO,Seasonal Influenza vaccine,1951.0,0.0
WPRO,Seasonal Influenza vaccine,1952.0,0.0
WPRO,Seasonal Influenza vaccine,1953.0,0.0
WPRO,Seasonal Influenza vaccine,1954.0,0.0
WPRO,Seasonal Influenza vaccine,1955.0,0.0
WPRO,Seasonal Influenza vaccine,1956.0,0.0
WPRO,Seasonal Influenza vaccine,1957.0,0.0
WPRO,Seasonal Influenza vaccine,1958.0,0.0
WPRO,Seasonal Influenza vaccine,1959.0,0.0
WPRO,Seasonal Influenza vaccine,1960.0,0.0
WPRO,Seasonal Influenza vaccine,1961.0,0.0
WPRO,Seasonal Influenza vaccine,1962.0,0.0
WPRO,Seasonal Influenza vaccine,1963.0,0.0
WPRO,Seasonal Influenza vaccine,1964.0,0.0
WPRO,Seasonal Influenza vaccine,1965.0,0.0
WPRO,Seasonal Influenza vaccine,1966.0,0.0
WPRO,Seasonal Influenza vaccine,1967.0,0.0
WPRO,Seasonal Influenza vaccine,1968.0,0.0
WPRO,Seasonal Influenza vaccine,1969.0,0.0
WPRO,Seasonal Influenza vaccine,1970.0,0.0
WPRO,Seasonal Influenza vaccine,1971.0,0.0
WPRO,Seasonal Influenza vaccine,1972.0,0.0
WPRO,Seasonal Influenza vaccine,1973.0,0.0
WPRO,Seasonal Influenza vaccine,1974.0,0.0
WPRO,Seasonal Influenza vaccine,1975.0,0.0
WPRO,Seasonal Influenza vaccine,1976.0,0.0
WPRO,Seasonal Influenza vaccine,1977.0,0.0
WPRO,Seasonal Influenza vaccine,1978.0,0.0
WPRO,Seasonal Influenza vaccine,1979.0,0.0
WPRO,Seasonal Influenza vaccine,1980.0,0.0
WPRO,Seasonal Influenza vaccine,1981.0,0.0
WPRO,Seasonal Influenza vaccine,1982.0,0.0
WPRO,Seasonal Influenza vaccine,1983.0,0.0
WPRO,Seasonal Influenza vaccine,1984.0,0.0
WPRO,Seasonal Influenza vaccine,1985.0,0.0
WPRO,Seasonal Influenza vaccine,1986.0,0.0
WPRO,Seasonal Influenza vaccine,1987.0,0.0
WPRO,Seasonal Influenza vaccine,1988.0,0.0
WPRO,Seasonal Influenza vaccine,1989.0,0.0
WPRO,Seasonal Influenza vaccine,1990.0,0.0
WPRO,Seasonal Influenza vaccine,1991.0,0.0
WPRO,Seasonal Influenza vaccine,1992.0,0.0
WPRO,Seasonal Influenza vaccine,1993.0,0.0
WPRO,Seasonal Influenza vaccine,1994.0,0.0
WPRO,Seasonal Influenza vaccine,1995.0,0.0
WPRO,Seasonal Influenza vaccine,1996.0,3.7037037037037033
WPRO,Seasonal Influenza vaccine,1997.0,11.11111111111111
WPRO,Seasonal Influenza vaccine,1998.0,11.11111111111111
WPRO,Seasonal Influenza vaccine,1999.0,14.814814814814813
WPRO,Seasonal Influenza vaccine,2000.0,14.814814814814813
WPRO,Seasonal Influenza vaccine,2001.0,18.51851851851852
WPRO,Seasonal Influenza vaccine,2002.0,22.22222222222222
WPRO,Seasonal Influenza vaccine,2003.0,22.22222222222222
WPRO,Seasonal Influenza vaccine,2004.0,22.22222222222222
WPRO,Seasonal Influenza vaccine,2005.0,22.22222222222222
WPRO,Seasonal Influenza vaccine,2006.0,25.925925925925924
WPRO,Seasonal Influenza vaccine,2007.0,25.925925925925924
WPRO,Seasonal Influenza vaccine,2008.0,25.925925925925924
WPRO,Seasonal Influenza vaccine,2009.0,25.925925925925924
WPRO,Seasonal Influenza vaccine,2010.0,29.629629629629626
WPRO,Seasonal Influenza vaccine,2011.0,29.629629629629626
WPRO,Seasonal Influenza vaccine,2012.0,33.33333333333333
WPRO,Seasonal Influenza vaccine,2013.0,37.03703703703704
WPRO,Seasonal Influenza vaccine,2014.0,48.148148148148145
WPRO,Seasonal Influenza vaccine,2015.0,48.148148148148145
WPRO,Seasonal Influenza vaccine,2016.0,44.44444444444444
WPRO,Seasonal Influenza vaccine,2017.0,44.44444444444444
WPRO,Seasonal Influenza vaccine,2018.0,48.148148148148145
WPRO,Seasonal Influenza vaccine,2019.0,59.25925925925925
WPRO,Seasonal Influenza vaccine,2020.0,70.37037037037037
WPRO,Seasonal Influenza vaccine,2021.0,66.66666666666666
WPRO,Seasonal Influenza vaccine,2022.0,66.66666666666666
WPRO,Seasonal Influenza vaccine,2023.0,66.66666666666666
WPRO,Typhoid,2002.0,0.0
WPRO,Typhoid,2003.0,0.0
WPRO,Typhoid,2004.0,0.0
WPRO,Typhoid,2005.0,0.0
WPRO,Typhoid,2006.0,0.0
WPRO,Typhoid,2007.0,0.0
WPRO,Typhoid,2008.0,0.0
WPRO,Typhoid,2009.0,0.0
WPRO,Typhoid,2010.0,0.0
WPRO,Typhoid,2011.0,0.0
WPRO,Typhoid,2012.0,0.0
WPRO,Typhoid,2013.0,0.0
WPRO,Typhoid,2014.0,0.0
WPRO,Typhoid,2015.0,0.0
WPRO,Typhoid,2016.0,0.0
WPRO,Typhoid,2017.0,0.0
WPRO,Typhoid,2018.0,0.0
WPRO,Typhoid,2019.0,0.0
WPRO,Typhoid,2020.0,0.0
WPRO,Typhoid,2021.0,3.7037037037037033
WPRO,Typhoid,2022.0,3.7037037037037033
WPRO,Typhoid,2023.0,3.7037037037037033
WPRO,Varicella vaccine,2001.0,0.0
WPRO,Varicella vaccine,2002.0,0.0
WPRO,Varicella vaccine,2003.0,0.0
WPRO,Varicella vaccine,2004.0,0.0
WPRO,Varicella vaccine,2005.0,3.7037037037037033
WPRO,Varicella vaccine,2006.0,7.4074074074074066
WPRO,Varicella vaccine,2007.0,7.4074074074074066
WPRO,Varicella vaccine,2008.0,7.4074074074074066
WPRO,Varicella vaccine,2009.0,7.4074074074074066
WPRO,Varicella vaccine,2010.0,7.4074074074074066
WPRO,Varicella vaccine,2011.0,7.4074074074074066
WPRO,Varicella vaccine,2012.0,7.4074074074074066
WPRO,Varicella vaccine,2013.0,7.4074074074074066
WPRO,Varicella vaccine,2014.0,7.4074074074074066
WPRO,Varicella vaccine,2015.0,7.4074074074074066
WPRO,Varicella vaccine,2016.0,11.11111111111111
WPRO,Varicella vaccine,2017.0,18.51851851851852
WPRO,Varicella vaccine,2018.0,22.22222222222222
WPRO,Varicella vaccine,2019.0,22.22222222222222
WPRO,Varicella vaccine,2020.0,22.22222222222222
WPRO,Varicella vaccine,2021.0,22.22222222222222
WPRO,Varicella vaccine,2022.0,22.22222222222222
WPRO,Varicella vaccine,2023.0,25.925925925925924
WPRO,YF (Yellow fever) vaccine,1967.0,0.0
WPRO,YF (Yellow fever) vaccine,1968.0,0.0
WPRO,YF (Yellow fever) vaccine,1969.0,0.0
WPRO,YF (Yellow fever) vaccine,1970.0,0.0
WPRO,YF (Yellow fever) vaccine,1971.0,0.0
WPRO,YF (Yellow fever) vaccine,1972.0,0.0
WPRO,YF (Yellow fever) vaccine,1973.0,0.0
WPRO,YF (Yellow fever) vaccine,1974.0,0.0
WPRO,YF (Yellow fever) vaccine,1975.0,0.0
WPRO,YF (Yellow fever) vaccine,1976.0,0.0
WPRO,YF (Yellow fever) vaccine,1977.0,0.0
WPRO,YF (Yellow fever) vaccine,1978.0,0.0
WPRO,YF (Yellow fever) vaccine,1979.0,0.0
WPRO,YF (Yellow fever) vaccine,1980.0,0.0
WPRO,YF (Yellow fever) vaccine,1981.0,0.0
WPRO,YF (Yellow fever) vaccine,1982.0,0.0
WPRO,YF (Yellow fever) vaccine,1983.0,0.0
WPRO,YF (Yellow fever) vaccine,1984.0,0.0
WPRO,YF (Yellow fever) vaccine,1985.0,0.0
WPRO,YF (Yellow fever) vaccine,1986.0,0.0
WPRO,YF (Yellow fever) vaccine,1987.0,0.0
WPRO,YF (Yellow fever) vaccine,1988.0,0.0
WPRO,YF (Yellow fever) vaccine,1989.0,0.0
WPRO,YF (Yellow fever) vaccine,1990.0,0.0
WPRO,YF (Yellow fever) vaccine,1991.0,0.0
WPRO,YF (Yellow fever) vaccine,1992.0,0.0
WPRO,YF (Yellow fever) vaccine,1993.0,0.0
WPRO,YF (Yellow fever) vaccine,1994.0,0.0
WPRO,YF (Yellow fever) vaccine,1995.0,0.0
WPRO,YF (Yellow fever) vaccine,1996.0,0.0
WPRO,YF (Yellow fever) vaccine,1997.0,0.0
WPRO,YF (Yellow fever) vaccine,1998.0,0.0
WPRO,YF (Yellow fever) vaccine,1999.0,0.0
WPRO,YF (Yellow fever) vaccine,2000.0,0.0
WPRO,YF (Yellow fever) vaccine,2001.0,0.0
WPRO,YF (Yellow fever) vaccine,2002.0,0.0
WPRO,YF (Yellow fever) vaccine,2003.0,0.0
WPRO,YF (Yellow fever) vaccine,2004.0,0.0
WPRO,YF (Yellow fever) vaccine,2005.0,0.0
WPRO,YF (Yellow fever) vaccine,2006.0,0.0
WPRO,YF (Yellow fever) vaccine,2007.0,0.0
WPRO,YF (Yellow fever) vaccine,2008.0,0.0
WPRO,YF (Yellow fever) vaccine,2009.0,0.0
WPRO,YF (Yellow fever) vaccine,2010.0,0.0
WPRO,YF (Yellow fever) vaccine,2011.0,0.0
WPRO,YF (Yellow fever) vaccine,2012.0,0.0
WPRO,YF (Yellow fever) vaccine,2013.0,0.0
WPRO,YF (Yellow fever) vaccine,2014.0,0.0
WPRO,YF (Yellow fever) vaccine,2015.0,0.0
WPRO,YF (Yellow fever) vaccine,2016.0,0.0
WPRO,YF (Yellow fever) vaccine,2017.0,0.0
WPRO,YF (Yellow fever) vaccine,2018.0,0.0
WPRO,YF (Yellow fever) vaccine,2019.0,0.0
WPRO,YF (Yellow fever) vaccine,2020.0,0.0
WPRO,YF (Yellow fever) vaccine,2021.0,0.0
WPRO,YF (Yellow fever) vaccine,2022.0,0.0
WPRO,YF (Yellow fever) vaccine,2023.0,0.0
WPRO,aP (acellular pertussis) vaccine,2001.0,0.0
WPRO,aP (acellular pertussis) vaccine,2002.0,29.629629629629626
WPRO,aP (acellular pertussis) vaccine,2003.0,29.629629629629626
WPRO,aP (acellular pertussis) vaccine,2004.0,29.629629629629626
WPRO,aP (acellular pertussis) vaccine,2005.0,29.629629629629626
WPRO,aP (acellular pertussis) vaccine,2006.0,33.33333333333333
WPRO,aP (acellular pertussis) vaccine,2007.0,33.33333333333333
WPRO,aP (acellular pertussis) vaccine,2008.0,33.33333333333333
WPRO,aP (acellular pertussis) vaccine,2009.0,37.03703703703704
WPRO,aP (acellular pertussis) vaccine,2010.0,37.03703703703704
WPRO,aP (acellular pertussis) vaccine,2011.0,40.74074074074074
WPRO,aP (acellular pertussis) vaccine,2012.0,44.44444444444444
WPRO,aP (acellular pertussis) vaccine,2013.0,44.44444444444444
WPRO,aP (acellular pertussis) vaccine,2014.0,44.44444444444444
WPRO,aP (acellular pertussis) vaccine,2015.0,44.44444444444444
WPRO,aP (acellular pertussis) vaccine,2016.0,48.148148148148145
WPRO,aP (acellular pertussis) vaccine,2017.0,51.85185185185185
WPRO,aP (acellular pertussis) vaccine,2018.0,51.85185185185185
WPRO,aP (acellular pertussis) vaccine,2019.0,51.85185185185185
WPRO,aP (acellular pertussis) vaccine,2020.0,51.85185185185185
WPRO,aP (acellular pertussis) vaccine,2021.0,51.85185185185185
WPRO,aP (acellular pertussis) vaccine,2022.0,51.85185185185185
WPRO,aP (acellular pertussis) vaccine,2023.0,51.85185185185185
,,,
